region,fixed_reliability,seed,method,share,share_tag,domain_count,domain_failure_prob,total_accepted,expected_target_satisfaction_ratio,expected_reliability,expected_reliability_loss
Alabama,0.9,1,DMDCA,"0.5,0.5",0p5_0p5,6,0.0,1475,1.0,0.9327599092019304,0.0
Alabama,0.9,1,DMDCA,"0.5,0.5",0p5_0p5,6,0.01,1475,0.97507215270922,0.9177687442433536,0.0149911649585769
Alabama,0.9,1,DMDCA,"0.5,0.5",0p5_0p5,6,0.03,1475,0.9266651595264882,0.888028109077465,0.0447318001244655
Alabama,0.9,1,DMDCA,"0.5,0.5",0p5_0p5,6,0.05,1475,0.8801425552860164,0.8586217566006533,0.0741381526012772
Alabama,0.9,1,MDCA,none,none,6,0.0,1478,1.0,0.9332149215545305,0.0
Alabama,0.9,1,MDCA,none,none,6,0.01,1478,0.9753511881280132,0.9176843061315356,0.0155306154229946
Alabama,0.9,1,MDCA,none,none,6,0.03,1478,0.9274888939173116,0.8869245395502452,0.0462903820042851
Alabama,0.9,1,MDCA,none,none,6,0.05,1478,0.8814915536514715,0.8565764342981721,0.0766384872563582
Alabama,0.9,2,DMDCA,"0.5,0.5",0p5_0p5,6,0.0,1382,1.0,0.9322645920832108,4.440892098500626e-16
Alabama,0.9,2,DMDCA,"0.5,0.5",0p5_0p5,6,0.01,1382,0.9744582397492774,0.917338629584028,0.0149259624991832
Alabama,0.9,2,DMDCA,"0.5,0.5",0p5_0p5,6,0.03,1382,0.9249185564118876,0.8876936824392774,0.0445709096439338
Alabama,0.9,2,DMDCA,"0.5,0.5",0p5_0p5,6,0.05,1382,0.8773831890037083,0.858339283846339,0.0739253082368722
Alabama,0.9,2,MDCA,none,none,6,0.0,1387,1.0,0.9323216632369472,9.992007221626409e-16
Alabama,0.9,2,MDCA,none,none,6,0.01,1387,0.9749170614080762,0.9165578808863848,0.0157637823505633
Alabama,0.9,2,MDCA,none,none,6,0.03,1387,0.9262414642252756,0.8853442248388085,0.0469774383981396
Alabama,0.9,2,MDCA,none,none,6,0.05,1387,0.8795011468321912,0.8545588649193456,0.0777627983176024
Alabama,0.9,3,DMDCA,"0.5,0.5",0p5_0p5,6,0.0,1408,1.0,0.9335921872811968,1.4432899320127037e-15
Alabama,0.9,3,DMDCA,"0.5,0.5",0p5_0p5,6,0.01,1408,0.9739554332837348,0.918941470567092,0.0146507167141063
Alabama,0.9,3,DMDCA,"0.5,0.5",0p5_0p5,6,0.03,1408,0.923497782733694,0.8897977378732556,0.0437944494079427
Alabama,0.9,3,DMDCA,"0.5,0.5",0p5_0p5,6,0.05,1408,0.8751557339533022,0.8608820233053518,0.0727101639758465
Alabama,0.9,3,MDCA,none,none,6,0.0,1412,1.0,0.933443168141471,2.1094237467877974e-15
Alabama,0.9,3,MDCA,none,none,6,0.01,1412,0.974360852194908,0.9178801437683802,0.0155630243730928
Alabama,0.9,3,MDCA,none,none,6,0.03,1412,0.9246605293858988,0.8870196675919612,0.0464235005495119
Alabama,0.9,3,MDCA,none,none,6,0.05,1412,0.8770067529435194,0.8565267392605258,0.0769164288809473
Alabama,0.9,4,DMDCA,"0.5,0.5",0p5_0p5,6,0.0,1443,1.0,0.9328489850614006,1.3322676295501878e-15
Alabama,0.9,4,DMDCA,"0.5,0.5",0p5_0p5,6,0.01,1443,0.9748366754828854,0.9177933664470448,0.0150556186143571
Alabama,0.9,4,DMDCA,"0.5,0.5",0p5_0p5,6,0.03,1443,0.9260212204714592,0.8879170641902221,0.0449319208711798
Alabama,0.9,4,DMDCA,"0.5,0.5",0p5_0p5,6,0.05,1443,0.8791671383835757,0.8583675250318721,0.0744814600295298
Alabama,0.9,4,MDCA,none,none,6,0.0,1449,1.0,0.9324685848809174,2.4424906541753444e-15
Alabama,0.9,4,MDCA,none,none,6,0.01,1449,0.9750789863977948,0.916617245059088,0.0158513398218319
Alabama,0.9,4,MDCA,none,none,6,0.03,1449,0.9267415617466148,0.8852617534860105,0.0472068313949093
Alabama,0.9,4,MDCA,none,none,6,0.05,1449,0.8803550949469462,0.8543770642349506,0.0780915206459692
Alabama,0.9,5,DMDCA,"0.5,0.5",0p5_0p5,6,0.0,1450,1.0,0.9330441980602115,-8.881784197001252e-16
Alabama,0.9,5,DMDCA,"0.5,0.5",0p5_0p5,6,0.01,1450,0.974624153402482,0.9180579759308456,0.014986222129365
Alabama,0.9,5,DMDCA,"0.5,0.5",0p5_0p5,6,0.03,1450,0.9253999297136551,0.8883111273424195,0.0447330707177913
Alabama,0.9,5,DMDCA,"0.5,0.5",0p5_0p5,6,0.05,1450,0.8781589689655168,0.8588782211929533,0.0741659768672574
Alabama,0.9,5,MDCA,none,none,6,0.0,1455,1.0,0.9331251502627456,-5.551115123125784e-16
Alabama,0.9,5,MDCA,none,none,6,0.01,1455,0.9744595135855052,0.9171237128416492,0.0160014374210957
Alabama,0.9,5,MDCA,none,none,6,0.03,1455,0.924953939178,0.8854570307651313,0.0476681194976136
Alabama,0.9,5,MDCA,none,none,6,0.05,1455,0.8774897829682132,0.8542482433346029,0.0788769069281419
Alabama,0.95,1,DMDCA,"0.5,0.5",0p5_0p5,6,0.0,1410,1.0,0.9756473522193786,-1.1102230246251563e-16
Alabama,0.95,1,DMDCA,"0.5,0.5",0p5_0p5,6,0.01,1410,0.9715642290772466,0.9633118443887831,0.0123355078305953
Alabama,0.95,1,DMDCA,"0.5,0.5",0p5_0p5,6,0.03,1410,0.9166780081601572,0.938502956883722,0.0371443953356565
Alabama,0.95,1,DMDCA,"0.5,0.5",0p5_0p5,6,0.05,1410,0.8643551927969857,0.9135360601018424,0.0621112921175359
Alabama,0.95,1,MDCA,none,none,6,0.0,1415,1.0,0.9739087319646716,2.220446049250313e-16
Alabama,0.95,1,MDCA,none,none,6,0.01,1415,0.97207292441181,0.9604911456092114,0.0134175863554604
Alabama,0.95,1,MDCA,none,none,6,0.03,1415,0.9181461601866562,0.9336316636082184,0.0402770683564533
Alabama,0.95,1,MDCA,none,none,6,0.05,1415,0.8667091756956712,0.9067628143082378,0.067145917656434
Alabama,0.95,2,DMDCA,"0.5,0.5",0p5_0p5,6,0.0,1403,1.0,0.9748809875531362,-1.4432899320127037e-15
Alabama,0.95,2,DMDCA,"0.5,0.5",0p5_0p5,6,0.01,1403,0.9714635241356454,0.9623472217918804,0.0125337657612545
Alabama,0.95,2,DMDCA,"0.5,0.5",0p5_0p5,6,0.03,1403,0.9163769882296432,0.9371662146253268,0.0377147729278078
Alabama,0.95,2,DMDCA,"0.5,0.5",0p5_0p5,6,0.05,1403,0.8638565091544901,0.9118601127548148,0.0630208747983199
Alabama,0.95,2,MDCA,none,none,6,0.0,1407,1.0,0.9738665253910462,-7.771561172376097e-16
Alabama,0.95,2,MDCA,none,none,6,0.01,1407,0.9719031902435056,0.9603930710060926,0.0134734543849528
Alabama,0.95,2,MDCA,none,none,6,0.03,1407,0.917626164655684,0.9334403659389224,0.0404261594521229
Alabama,0.95,2,MDCA,none,none,6,0.05,1407,0.8658268493692257,0.9065016431377402,0.0673648822533052
Alabama,0.95,3,DMDCA,"0.5,0.5",0p5_0p5,6,0.0,1464,1.0,0.9759409361143158,1.9984014443252818e-15
Alabama,0.95,3,DMDCA,"0.5,0.5",0p5_0p5,6,0.01,1464,0.9717602226204956,0.9637781136005392,0.0121628225137785
Alabama,0.95,3,DMDCA,"0.5,0.5",0p5_0p5,6,0.03,1464,0.9172009282988888,0.9392869135400684,0.0366540225742493
Alabama,0.95,3,DMDCA,"0.5,0.5",0p5_0p5,6,0.05,1464,0.8651264780353479,0.9146028014949088,0.0613381346194089
Alabama,0.95,3,MDCA,none,none,6,0.0,1467,1.0,0.9740289805719468,2.220446049250313e-15
Alabama,0.95,3,MDCA,none,none,6,0.01,1467,0.9717112634509268,0.9604215393436502,0.0136074412282988
Alabama,0.95,3,MDCA,none,none,6,0.03,1467,0.9171022476169464,0.9331986911990237,0.0408302893729254
Alabama,0.95,3,MDCA,none,none,6,0.05,1467,0.8650362187819524,0.905987874062552,0.0680411065093971
Alabama,0.95,4,DMDCA,"0.5,0.5",0p5_0p5,6,0.0,1434,1.0,0.9754069261760692,9.992007221626409e-16
Alabama,0.95,4,DMDCA,"0.5,0.5",0p5_0p5,6,0.01,1434,0.9715747114515438,0.9632468979789632,0.0121600281971069
Alabama,0.95,4,DMDCA,"0.5,0.5",0p5_0p5,6,0.03,1434,0.9166878849056525,0.938785577847671,0.036621348328399
Alabama,0.95,4,DMDCA,"0.5,0.5",0p5_0p5,6,0.05,1434,0.8643389765733962,0.9141617354099242,0.0612451907661458
Alabama,0.95,4,MDCA,none,none,6,0.0,1443,1.0,0.9738039496707228,1.1102230246251563e-16
Alabama,0.95,4,MDCA,none,none,6,0.01,1443,0.9713813306236404,0.9599970654161478,0.0138068842545751
Alabama,0.95,4,MDCA,none,none,6,0.03,1443,0.9161562148545924,0.9323976613507496,0.0414062883199732
Alabama,0.95,4,MDCA,none,none,6,0.05,1443,0.8635294567849101,0.904839855443884,0.068964094226839
Alabama,0.95,5,DMDCA,"0.5,0.5",0p5_0p5,6,0.0,1452,1.0,0.9754123873396776,-1.887379141862766e-15
Alabama,0.95,5,DMDCA,"0.5,0.5",0p5_0p5,6,0.01,1452,0.9717152269352044,0.9633018238401374,0.0121105634995382
Alabama,0.95,5,DMDCA,"0.5,0.5",0p5_0p5,6,0.03,1452,0.9170945737314684,0.9389104885587746,0.036501898780901
Alabama,0.95,5,DMDCA,"0.5,0.5",0p5_0p5,6,0.05,1452,0.8649923510352099,0.9143205428730848,0.0610918444665907
Alabama,0.95,5,MDCA,none,none,6,0.0,1457,1.0,0.9735355362194446,-1.4432899320127037e-15
Alabama,0.95,5,MDCA,none,none,6,0.01,1457,0.971674868167888,0.9600563272956002,0.0134792089238429
Alabama,0.95,5,MDCA,none,none,6,0.03,1457,0.9170055081916796,0.933069677980151,0.0404658582392921
Alabama,0.95,5,MDCA,none,none,6,0.05,1457,0.8648941503624742,0.9060699685407014,0.0674655676787416
Alabama,0.99,1,DMDCA,"0.5,0.5",0p5_0p5,6,0.0,1388,1.0,0.9940533672896392,-2.220446049250313e-16
Alabama,0.99,1,DMDCA,"0.5,0.5",0p5_0p5,6,0.01,1388,0.9669786831768244,0.9853948942532228,0.0086584730364163
Alabama,0.99,1,DMDCA,"0.5,0.5",0p5_0p5,6,0.03,1388,0.9036270631466342,0.9675608406819768,0.0264925266076622
Alabama,0.99,1,DMDCA,"0.5,0.5",0p5_0p5,6,0.05,1388,0.8437327484690198,0.9490680800217328,0.0449852872679062
Alabama,0.99,1,MDCA,none,none,6,0.0,1384,1.0,0.9940843043854236,-3.3306690738754696e-16
Alabama,0.99,1,MDCA,none,none,6,0.01,1384,0.967660469186014,0.9842867643102012,0.009797540075222
Alabama,0.99,1,MDCA,none,none,6,0.03,1384,0.9056178497886902,0.9642792326201204,0.0298050717653026
Alabama,0.99,1,MDCA,none,none,6,0.05,1384,0.846958981247742,0.943750986745966,0.0503333176394572
Alabama,0.99,2,DMDCA,"0.5,0.5",0p5_0p5,6,0.0,1378,1.0,0.9940124425357604,6.661338147750939e-16
Alabama,0.99,2,DMDCA,"0.5,0.5",0p5_0p5,6,0.01,1378,0.9672262017088132,0.9851317088581908,0.0088807336775701
Alabama,0.99,2,DMDCA,"0.5,0.5",0p5_0p5,6,0.03,1378,0.9043511836169634,0.9668724320430792,0.0271400104926817
Alabama,0.99,2,DMDCA,"0.5,0.5",0p5_0p5,6,0.05,1378,0.8449079166364295,0.947980480676682,0.0460319618590788
Alabama,0.99,2,MDCA,none,none,6,0.0,1377,1.0,0.9940572906737272,6.661338147750939e-16
Alabama,0.99,2,MDCA,none,none,6,0.01,1377,0.9676944163089608,0.984392024282246,0.0096652663914819
Alabama,0.99,2,MDCA,none,none,6,0.03,1377,0.9057046746380762,0.9646292378353912,0.0294280528383366
Alabama,0.99,2,MDCA,none,none,6,0.05,1377,0.8470812853917025,0.9443203108917902,0.0497369797819375
Alabama,0.99,3,DMDCA,"0.5,0.5",0p5_0p5,6,0.0,1368,1.0,0.9940301904058352,-1.2212453270876722e-15
Alabama,0.99,3,DMDCA,"0.5,0.5",0p5_0p5,6,0.01,1368,0.9662647751877566,0.985394414008104,0.0086357763977297
Alabama,0.99,3,DMDCA,"0.5,0.5",0p5_0p5,6,0.03,1368,0.9016239330552476,0.9675924441023732,0.0264377463034606
Alabama,0.99,3,DMDCA,"0.5,0.5",0p5_0p5,6,0.05,1368,0.8406123196614583,0.9491148175197824,0.0449153728860513
Alabama,0.99,3,MDCA,none,none,6,0.0,1359,1.0,0.9940585425061088,-8.881784197001252e-16
Alabama,0.99,3,MDCA,none,none,6,0.01,1359,0.967079469863384,0.9843807471074814,0.0096777953986264
Alabama,0.99,3,MDCA,none,none,6,0.03,1359,0.9039615082511632,0.9645956072257216,0.0294629352803863
Alabama,0.99,3,MDCA,none,none,6,0.05,1359,0.8443378230661333,0.9442673550080788,0.049791187498029
Alabama,0.99,4,DMDCA,"0.5,0.5",0p5_0p5,6,0.0,1417,1.0,0.9940937015866836,8.881784197001252e-16
Alabama,0.99,4,DMDCA,"0.5,0.5",0p5_0p5,6,0.01,1417,0.9673013846287472,0.9854034396453086,0.0086902619413757
Alabama,0.99,4,DMDCA,"0.5,0.5",0p5_0p5,6,0.03,1417,0.9045392342259806,0.9675021211918126,0.0265915803948718
Alabama,0.99,4,DMDCA,"0.5,0.5",0p5_0p5,6,0.05,1417,0.8451638388210125,0.9489388315436572,0.045154870043027
Alabama,0.99,4,MDCA,none,none,6,0.0,1403,1.0,0.9941447820104484,9.992007221626409e-16
Alabama,0.99,4,MDCA,none,none,6,0.01,1403,0.9676500290470014,0.9845852937008872,0.0095594883095623
Alabama,0.99,4,MDCA,none,none,6,0.03,1403,0.9055961962831915,0.9650165963312792,0.02912818567917
Alabama,0.99,4,MDCA,none,none,6,0.05,1403,0.8469380637696006,0.9448798508794632,0.0492649311309862
Alabama,0.99,5,DMDCA,"0.5,0.5",0p5_0p5,6,0.0,1423,1.0,0.9942409913136224,-1.1102230246251563e-16
Alabama,0.99,5,DMDCA,"0.5,0.5",0p5_0p5,6,0.01,1423,0.9667327950932888,0.9855947774062292,0.0086462139073931
Alabama,0.99,5,DMDCA,"0.5,0.5",0p5_0p5,6,0.03,1423,0.9029625596609628,0.9677907461639856,0.0264502451496365
Alabama,0.99,5,DMDCA,"0.5,0.5",0p5_0p5,6,0.05,1423,0.8427385847461345,0.9493346784618496,0.0449063128517726
Alabama,0.99,5,MDCA,none,none,6,0.0,1408,1.0,0.994268617869252,0.0
Alabama,0.99,5,MDCA,none,none,6,0.01,1408,0.9672712835943514,0.9847656604779232,0.0095029573913286
Alabama,0.99,5,MDCA,none,none,6,0.03,1408,0.904512826298766,0.9652936404605218,0.0289749774087301
Alabama,0.99,5,MDCA,none,none,6,0.05,1408,0.8452176425670275,0.9452332892336828,0.0490353286355692
Alabama,0.996,1,DMDCA,"0.5,0.5",0p5_0p5,6,0.0,1408,1.0,0.9978519162410884,1.1102230246251563e-15
Alabama,0.996,1,DMDCA,"0.5,0.5",0p5_0p5,6,0.01,1408,0.9651836023043204,0.9908372184670436,0.0070146977740457
Alabama,0.996,1,DMDCA,"0.5,0.5",0p5_0p5,6,0.03,1408,0.8986211515693937,0.9762295154423088,0.0216224007987805
Alabama,0.996,1,DMDCA,"0.5,0.5",0p5_0p5,6,0.05,1408,0.8359860369651095,0.9608721803981036,0.0369797358429856
Alabama,0.996,1,MDCA,none,none,6,0.0,1374,1.0,0.997872376368451,1.3322676295501878e-15
Alabama,0.996,1,MDCA,none,none,6,0.01,1374,0.9658438789610444,0.989924294132975,0.0079480822354773
Alabama,0.996,1,MDCA,none,none,6,0.03,1374,0.9005124106165546,0.9734996462640824,0.0243727301043701
Alabama,0.996,1,MDCA,none,none,6,0.05,1374,0.8389951891602985,0.9563947105046252,0.0414776658638272
Alabama,0.996,2,DMDCA,"0.5,0.5",0p5_0p5,6,0.0,1383,1.0,0.99786428175221,-1.3322676295501878e-15
Alabama,0.996,2,DMDCA,"0.5,0.5",0p5_0p5,6,0.01,1383,0.9653112947037334,0.9906760258192616,0.007188255932947
Alabama,0.996,2,DMDCA,"0.5,0.5",0p5_0p5,6,0.03,1383,0.8989639046562017,0.975743215153439,0.0221210665987696
Alabama,0.996,2,DMDCA,"0.5,0.5",0p5_0p5,6,0.05,1383,0.8364954435895696,0.960088854187894,0.0377754275643147
Alabama,0.996,2,MDCA,none,none,6,0.0,1347,1.0,0.997867425293766,-5.551115123125784e-16
Alabama,0.996,2,MDCA,none,none,6,0.01,1347,0.9658213884101424,0.9900448484686112,0.0078225768251544
Alabama,0.996,2,MDCA,none,none,6,0.03,1347,0.9004270418161818,0.9738856792440416,0.023981746049724
Alabama,0.996,2,MDCA,none,none,6,0.05,1347,0.8388260688335191,0.95706314294955,0.0408042823442155
Alabama,0.996,3,DMDCA,"0.5,0.5",0p5_0p5,6,0.0,1406,1.0,0.9979184312837036,1.1102230246251563e-15
Alabama,0.996,3,DMDCA,"0.5,0.5",0p5_0p5,6,0.01,1406,0.9656405681905176,0.9910482904055136,0.006870140878191
Alabama,0.996,3,DMDCA,"0.5,0.5",0p5_0p5,6,0.03,1406,0.8998828140746596,0.976704812390972,0.0212136188927327
Alabama,0.996,3,DMDCA,"0.5,0.5",0p5_0p5,6,0.05,1406,0.8379179501689187,0.961580334839952,0.0363380964437527
Alabama,0.996,3,MDCA,none,none,6,0.0,1369,1.0,0.997933356408004,6.661338147750939e-16
Alabama,0.996,3,MDCA,none,none,6,0.01,1369,0.9667207427942828,0.9895765289151712,0.0083568274928333
Alabama,0.996,3,MDCA,none,none,6,0.03,1369,0.902989152141064,0.9723892028829328,0.0255441535250718
Alabama,0.996,3,MDCA,none,none,6,0.05,1369,0.8428775695420926,0.9545929497446094,0.0433404066633953
Alabama,0.996,4,DMDCA,"0.5,0.5",0p5_0p5,6,0.0,1404,1.0,0.9978566326500404,8.881784197001252e-16
Alabama,0.996,4,DMDCA,"0.5,0.5",0p5_0p5,6,0.01,1404,0.9651448100194296,0.9904540169861996,0.0074026156638419
Alabama,0.996,4,DMDCA,"0.5,0.5",0p5_0p5,6,0.03,1404,0.8984925732957203,0.9750863864765796,0.0227702461734619
Alabama,0.996,4,DMDCA,"0.5,0.5",0p5_0p5,6,0.05,1404,0.835753640480324,0.9589926130723044,0.0388640195777368
Alabama,0.996,4,MDCA,none,none,6,0.0,1387,1.0,0.9978668176512168,8.881784197001252e-16
Alabama,0.996,4,MDCA,none,none,6,0.01,1387,0.9657842244589528,0.9896918115935956,0.0081750060576218
Alabama,0.996,4,MDCA,none,none,6,0.03,1387,0.9003198505573697,0.9728546755320931,0.0250121421191242
Alabama,0.996,4,MDCA,none,none,6,0.05,1387,0.8386538681506851,0.9553896139128484,0.0424772037383692
Alabama,0.996,5,DMDCA,"0.5,0.5",0p5_0p5,6,0.0,1395,1.0,0.9978938718985424,1.3322676295501878e-15
Alabama,0.996,5,DMDCA,"0.5,0.5",0p5_0p5,6,0.01,1395,0.9655906901067224,0.9904909720981466,0.0074028998003969
Alabama,0.996,5,DMDCA,"0.5,0.5",0p5_0p5,6,0.03,1395,0.8997896968639871,0.9751279949559906,0.022765876942553
Alabama,0.996,5,DMDCA,"0.5,0.5",0p5_0p5,6,0.05,1395,0.8378496487231181,0.9590440730936124,0.0388497988049313
Alabama,0.996,5,MDCA,none,none,6,0.0,1352,1.0,0.99792410693838,1.1102230246251563e-15
Alabama,0.996,5,MDCA,none,none,6,0.01,1352,0.9663080782533016,0.9899850836423992,0.0079390232959818
Alabama,0.996,5,MDCA,none,none,6,0.03,1352,0.9018204273208992,0.9735936745481124,0.0243304323902684
Alabama,0.996,5,MDCA,none,none,6,0.05,1352,0.8410410288461542,0.956539996355466,0.0413841105829149
Alabama,0.998,1,DMDCA,"0.5,0.5",0p5_0p5,6,0.0,1340,1.0,0.9988414733518944,-5.551115123125784e-16
Alabama,0.998,1,DMDCA,"0.5,0.5",0p5_0p5,6,0.01,1340,0.9648322946130492,0.9921533554571422,0.0066881178947515
Alabama,0.998,1,DMDCA,"0.5,0.5",0p5_0p5,6,0.03,1340,0.8976632944946972,0.978206429737632,0.0206350436142617
Alabama,0.998,1,DMDCA,"0.5,0.5",0p5_0p5,6,0.05,1340,0.8345403307602606,0.9635147186257208,0.035326754726173
Alabama,0.998,1,MDCA,none,none,6,0.0,1280,1.0,0.99885502629458,3.3306690738754696e-16
Alabama,0.998,1,MDCA,none,none,6,0.01,1280,0.964941864961697,0.991828437017924,0.0070265892766561
Alabama,0.998,1,MDCA,none,none,6,0.03,1280,0.8979600844384281,0.9772315165036816,0.0216235097908987
Alabama,0.998,1,MDCA,none,none,6,0.05,1280,0.8349857794433593,0.961926481248366,0.0369285450462142
Alabama,0.998,2,DMDCA,"0.5,0.5",0p5_0p5,6,0.0,1326,1.0,0.9988470006261304,-3.3306690738754696e-16
Alabama,0.998,2,DMDCA,"0.5,0.5",0p5_0p5,6,0.01,1326,0.9642471703398866,0.9925470430824962,0.0062999575436337
Alabama,0.998,2,DMDCA,"0.5,0.5",0p5_0p5,6,0.03,1326,0.8959702810870359,0.9793636908347368,0.0194833097913932
Alabama,0.998,2,DMDCA,"0.5,0.5",0p5_0p5,6,0.05,1326,0.8318199261170812,0.965417619760606,0.033429380865524
Alabama,0.998,2,MDCA,none,none,6,0.0,1293,1.0,0.9988430685725168,-3.3306690738754696e-16
Alabama,0.998,2,MDCA,none,none,6,0.01,1293,0.9646696116136704,0.9919380768668682,0.0069049917056482
Alabama,0.998,2,MDCA,none,none,6,0.03,1293,0.8972111022897169,0.9775685569586612,0.0212745116138554
Alabama,0.998,2,MDCA,none,none,6,0.05,1293,0.8338439307327915,0.9624701720563372,0.0363728965161792
Alabama,0.998,3,DMDCA,"0.5,0.5",0p5_0p5,6,0.0,1331,1.0,0.9988432767479138,1.887379141862766e-15
Alabama,0.998,3,DMDCA,"0.5,0.5",0p5_0p5,6,0.01,1331,0.9659321347555044,0.9918438344196736,0.0069994423282422
Alabama,0.998,3,DMDCA,"0.5,0.5",0p5_0p5,6,0.03,1331,0.9008109637519938,0.9772983080274464,0.0215449687204691
Alabama,0.998,3,DMDCA,"0.5,0.5",0p5_0p5,6,0.05,1331,0.8395435196280989,0.9620417515533009,0.0368015251946148
Alabama,0.998,3,MDCA,none,none,6,0.0,1281,1.0,0.9988582123220956,1.5543122344752194e-15
Alabama,0.998,3,MDCA,none,none,6,0.01,1281,0.9662987965040376,0.9912964697397956,0.0075617425823018
Alabama,0.998,3,MDCA,none,none,6,0.03,1281,0.9018597072765716,0.9756757205635576,0.0231824917585397
Alabama,0.998,3,MDCA,none,none,6,0.05,1281,0.8412082600507415,0.959408684352527,0.0394495279695702
Alabama,0.998,4,DMDCA,"0.5,0.5",0p5_0p5,6,0.0,1357,1.0,0.9988568127902742,8.881784197001252e-16
Alabama,0.998,4,DMDCA,"0.5,0.5",0p5_0p5,6,0.01,1357,0.9640642514795946,0.992701634168378,0.006155178621897
Alabama,0.998,4,DMDCA,"0.5,0.5",0p5_0p5,6,0.03,1357,0.8954896764932121,0.9797798718229248,0.0190769409673503
Alabama,0.998,4,DMDCA,"0.5,0.5",0p5_0p5,6,0.05,1357,0.8311238445329773,0.966059127840406,0.0327976849498691
Alabama,0.998,4,MDCA,none,none,6,0.0,1304,1.0,0.9988700120443456,1.7763568394002505e-15
Alabama,0.998,4,MDCA,none,none,6,0.01,1304,0.9654341808854056,0.9920182422144672,0.00685176982988
Alabama,0.998,4,MDCA,none,none,6,0.03,1304,0.8993385178480064,0.977769974132818,0.0211000379115293
Alabama,0.998,4,MDCA,none,none,6,0.05,1304,0.837127499149252,0.9628114819735962,0.0360585300707511
Alabama,0.998,5,DMDCA,"0.5,0.5",0p5_0p5,6,0.0,1356,1.0,0.9988403750083786,1.5543122344752194e-15
Alabama,0.998,5,DMDCA,"0.5,0.5",0p5_0p5,6,0.01,1356,0.9645727091113404,0.9925628916761616,0.0062774833322185
Alabama,0.998,5,DMDCA,"0.5,0.5",0p5_0p5,6,0.03,1356,0.8969138715616237,0.9794109105248996,0.0194294644834805
Alabama,0.998,5,DMDCA,"0.5,0.5",0p5_0p5,6,0.05,1356,0.8333398121543134,0.9654792391519704,0.0333611358564096
Alabama,0.998,5,MDCA,none,none,6,0.0,1306,1.0,0.9988468936153664,1.4432899320127037e-15
Alabama,0.998,5,MDCA,none,none,6,0.01,1306,0.9650913300854448,0.9915136289744784,0.0073332646408896
Alabama,0.998,5,MDCA,none,none,6,0.03,1306,0.8984061560190185,0.976321102509595,0.0225257911057729
Alabama,0.998,5,MDCA,none,none,6,0.05,1306,0.8357228080852792,0.9604444153872173,0.0384024782281507
Alabama,0.999,1,DMDCA,"0.5,0.5",0p5_0p5,6,0.0,1087,1.0,0.9993669324969146,-6.661338147750939e-16
Alabama,0.999,1,DMDCA,"0.5,0.5",0p5_0p5,6,0.01,1087,0.9653211542454097,0.9932306052137052,0.0061363272832087
Alabama,0.999,1,DMDCA,"0.5,0.5",0p5_0p5,6,0.03,1087,0.8990019474938732,0.9804250646196088,0.0189418678773052
Alabama,0.999,1,DMDCA,"0.5,0.5",0p5_0p5,6,0.05,1087,0.8365708630404782,0.9669201887472394,0.0324467437496744
Alabama,0.999,1,MDCA,none,none,6,0.0,898,1.0,0.9993767320285944,1.1102230246251563e-16
Alabama,0.999,1,MDCA,none,none,6,0.01,898,0.9680940492092742,0.992441659065103,0.0069350729634916
Alabama,0.999,1,MDCA,none,none,6,0.03,898,0.906884214394334,0.9781077505095808,0.0212689815190137
Alabama,0.999,1,MDCA,none,none,6,0.05,898,0.8490128550946544,0.9631678714610928,0.0362088605675018
Alabama,0.999,2,DMDCA,"0.5,0.5",0p5_0p5,6,0.0,1116,1.0,0.9993807982972224,-1.9984014443252818e-15
Alabama,0.999,2,DMDCA,"0.5,0.5",0p5_0p5,6,0.01,1116,0.9655143587801694,0.99331727047902,0.0060635278182005
Alabama,0.999,2,DMDCA,"0.5,0.5",0p5_0p5,6,0.03,1116,0.8996054770520618,0.9806610579735594,0.0187197403236609
Alabama,0.999,2,DMDCA,"0.5,0.5",0p5_0p5,6,0.05,1116,0.8376116457913305,0.9673082923408088,0.0320725059564116
Alabama,0.999,2,MDCA,none,none,6,0.0,944,1.0,0.9993885881853156,-2.3314683517128287e-15
Alabama,0.999,2,MDCA,none,none,6,0.01,944,0.9676507258425318,0.9928667538376308,0.0065218343476822
Alabama,0.999,2,MDCA,none,none,6,0.03,944,0.9056953618796078,0.9793317528959222,0.0200568352893909
Alabama,0.999,2,MDCA,none,none,6,0.05,944,0.8472501441671078,0.965152096936692,0.0342364912486212
Alabama,0.999,3,DMDCA,"0.5,0.5",0p5_0p5,6,0.0,1115,1.0,0.9993825276388516,5.551115123125784e-16
Alabama,0.999,3,DMDCA,"0.5,0.5",0p5_0p5,6,0.01,1115,0.9652582799279512,0.9935311699365352,0.0058513577023169
Alabama,0.999,3,DMDCA,"0.5,0.5",0p5_0p5,6,0.03,1115,0.8988352968169632,0.9812868053886672,0.0180957222501849
Alabama,0.999,3,DMDCA,"0.5,0.5",0p5_0p5,6,0.05,1115,0.8363266141535871,0.968329670667014,0.0310528569718382
Alabama,0.999,3,MDCA,none,none,6,0.0,926,1.0,0.9994059352449955,4.440892098500626e-16
Alabama,0.999,3,MDCA,none,none,6,0.01,926,0.9683245589858848,0.9925828324346596,0.0068231028103363
Alabama,0.999,3,MDCA,none,none,6,0.03,926,0.9074992447082512,0.978465090285101,0.020940844959895
Alabama,0.999,3,MDCA,none,none,6,0.05,926,0.8499178625978665,0.963731426437948,0.035674508807048
Alabama,0.999,4,DMDCA,"0.5,0.5",0p5_0p5,6,0.0,1113,1.0,0.9993596439499506,0.0
Alabama,0.999,4,DMDCA,"0.5,0.5",0p5_0p5,6,0.01,1113,0.9661566415231452,0.9931134992016724,0.0062461447482781
Alabama,0.999,4,DMDCA,"0.5,0.5",0p5_0p5,6,0.03,1113,0.9013764244367196,0.9801208644098346,0.0192387795401159
Alabama,0.999,4,DMDCA,"0.5,0.5",0p5_0p5,6,0.05,1113,0.8403172717458443,0.9664712451783204,0.0328883987716301
Alabama,0.999,4,MDCA,none,none,6,0.0,916,1.0,0.999375484286968,6.661338147750939e-16
Alabama,0.999,4,MDCA,none,none,6,0.01,916,0.9688237870979572,0.9923296528385877,0.0070458314483811
Alabama,0.999,4,MDCA,none,none,6,0.03,916,0.9089228656705686,0.9777705664253348,0.0216049178616339
Alabama,0.999,4,MDCA,none,none,6,0.05,916,0.8521719904646557,0.9626020674564548,0.0367734168305138
Alabama,0.999,5,DMDCA,"0.5,0.5",0p5_0p5,6,0.0,1117,1.0,0.9993719129147351,-7.771561172376097e-16
Alabama,0.999,5,DMDCA,"0.5,0.5",0p5_0p5,6,0.01,1117,0.9651107728551188,0.9935889041007606,0.0057830088139738
Alabama,0.999,5,DMDCA,"0.5,0.5",0p5_0p5,6,0.03,1117,0.8984174089443792,0.9814834142236416,0.0178884986910929
Alabama,0.999,5,DMDCA,"0.5,0.5",0p5_0p5,6,0.05,1117,0.8356697835720686,0.9686671692551768,0.0307047436595577
Alabama,0.999,5,MDCA,none,none,6,0.0,909,1.0,0.9993854210433708,-6.661338147750939e-16
Alabama,0.999,5,MDCA,none,none,6,0.01,909,0.9671690028713372,0.99321213229786,0.0061732887455103
Alabama,0.999,5,MDCA,none,none,6,0.03,909,0.9042570670657918,0.9803506429126166,0.0190347781307536
Alabama,0.999,5,MDCA,none,none,6,0.05,909,0.8448687095193892,0.9668122565254024,0.0325731645179678
Arizona,0.9,1,DMDCA,"0.5,0.5",0p5_0p5,6,0.0,1433,1.0,0.9330279930092356,-4.440892098500626e-16
Arizona,0.9,1,DMDCA,"0.5,0.5",0p5_0p5,6,0.01,1433,0.973747036539779,0.9181418983396809,0.0148860946695542
Arizona,0.9,1,DMDCA,"0.5,0.5",0p5_0p5,6,0.03,1433,0.9228864849313938,0.8885602468687271,0.0444677461405079
Arizona,0.9,1,DMDCA,"0.5,0.5",0p5_0p5,6,0.05,1433,0.8741598602472955,0.859248293459159,0.0737796995500761
Arizona,0.9,1,MDCA,none,none,6,0.0,1440,1.0,0.9332521552406268,-1.4432899320127037e-15
Arizona,0.9,1,MDCA,none,none,6,0.01,1440,0.9737570778091746,0.9171522334447636,0.0160999217958619
Arizona,0.9,1,MDCA,none,none,6,0.03,1440,0.9229505675502416,0.8852782864569143,0.0479738687837111
Arizona,0.9,1,MDCA,none,none,6,0.05,1440,0.8743180496093745,0.8538503429674997,0.0794018122731257
Arizona,0.9,2,DMDCA,"0.5,0.5",0p5_0p5,6,0.0,1493,1.0,0.9336661326271288,-9.992007221626409e-16
Arizona,0.9,2,DMDCA,"0.5,0.5",0p5_0p5,6,0.01,1493,0.973600066529343,0.9185746572261426,0.0150914754009852
Arizona,0.9,2,DMDCA,"0.5,0.5",0p5_0p5,6,0.03,1493,0.9224790862045952,0.8885938176008141,0.0450723150263137
Arizona,0.9,2,DMDCA,"0.5,0.5",0p5_0p5,6,0.05,1493,0.873533858726138,0.8588991460340614,0.0747669865930664
Arizona,0.9,2,MDCA,none,none,6,0.0,1503,1.0,0.9334391033859863,-5.551115123125784e-16
Arizona,0.9,2,MDCA,none,none,6,0.01,1503,0.9740951566131796,0.9173957203501644,0.0160433830358215
Arizona,0.9,2,MDCA,none,none,6,0.03,1503,0.923876443033507,0.8856441445779962,0.0477949588079896
Arizona,0.9,2,MDCA,none,none,6,0.05,1503,0.8757223670263634,0.8543490368278569,0.079090066558129
Arizona,0.9,3,DMDCA,"0.5,0.5",0p5_0p5,6,0.0,1470,1.0,0.9318767935083184,-3.3306690738754696e-16
Arizona,0.9,3,DMDCA,"0.5,0.5",0p5_0p5,6,0.01,1470,0.9740619775407492,0.9167467266951356,0.0151300668131826
Arizona,0.9,3,DMDCA,"0.5,0.5",0p5_0p5,6,0.03,1470,0.9237580659533527,0.8867069243928674,0.0451698691154508
Arizona,0.9,3,DMDCA,"0.5,0.5",0p5_0p5,6,0.05,1470,0.8754971787946427,0.8569750414430634,0.0749017520652548
Arizona,0.9,3,MDCA,none,none,6,0.0,1471,1.0,0.9325975356556836,-1.6653345369377348e-15
Arizona,0.9,3,MDCA,none,none,6,0.01,1471,0.9744366649014328,0.9169494559406852,0.0156480797149966
Arizona,0.9,3,MDCA,none,none,6,0.03,1471,0.9248607383112384,0.8859588236255966,0.0466387120300852
Arizona,0.9,3,MDCA,none,none,6,0.05,1471,0.8772975995071375,0.8553854000017421,0.0772121356539398
Arizona,0.9,4,DMDCA,"0.5,0.5",0p5_0p5,6,0.0,1408,1.0,0.9328711174642604,5.551115123125784e-16
Arizona,0.9,4,DMDCA,"0.5,0.5",0p5_0p5,6,0.01,1408,0.9740794720995002,0.9179713602987716,0.0148997571654896
Arizona,0.9,4,DMDCA,"0.5,0.5",0p5_0p5,6,0.03,1408,0.92380757483621,0.8883701791092008,0.0445009383550603
Arizona,0.9,4,DMDCA,"0.5,0.5",0p5_0p5,6,0.05,1408,0.8755748847656248,0.8590484896122,0.073822627852061
Arizona,0.9,4,MDCA,none,none,6,0.0,1413,1.0,0.933193451404318,-2.220446049250313e-16
Arizona,0.9,4,MDCA,none,none,6,0.01,1413,0.9746329236158598,0.9170452032902636,0.0161482481140542
Arizona,0.9,4,MDCA,none,none,6,0.03,1413,0.925429295727452,0.8851029635807905,0.0480904878235273
Arizona,0.9,4,MDCA,none,none,6,0.05,1413,0.8782117065861643,0.8536418553924967,0.0795515960118211
Arizona,0.9,5,DMDCA,"0.5,0.5",0p5_0p5,6,0.0,1414,1.0,0.9320641863380784,-2.220446049250313e-16
Arizona,0.9,5,DMDCA,"0.5,0.5",0p5_0p5,6,0.01,1414,0.9738929675026212,0.9169296023091436,0.0151345840289346
Arizona,0.9,5,DMDCA,"0.5,0.5",0p5_0p5,6,0.03,1414,0.92332524195083,0.8868779941490377,0.0451861921890406
Arizona,0.9,5,DMDCA,"0.5,0.5",0p5_0p5,6,0.05,1414,0.8748907371154523,0.857132039201899,0.0749321471361793
Arizona,0.9,5,MDCA,none,none,6,0.0,1416,1.0,0.9325569907736564,-3.3306690738754696e-16
Arizona,0.9,5,MDCA,none,none,6,0.01,1416,0.9743985892653306,0.9166549128323128,0.0159020779413431
Arizona,0.9,5,MDCA,none,none,6,0.03,1416,0.9247727462661948,0.8851702847389568,0.0473867060346993
Arizona,0.9,5,MDCA,none,none,6,0.05,1416,0.8771917190589686,0.8541222366762024,0.0784347540974537
Arizona,0.95,1,DMDCA,"0.5,0.5",0p5_0p5,6,0.0,1414,1.0,0.9754325737156576,-5.551115123125784e-16
Arizona,0.95,1,DMDCA,"0.5,0.5",0p5_0p5,6,0.01,1414,0.9713178353589252,0.963134373032613,0.0122982006830439
Arizona,0.95,1,DMDCA,"0.5,0.5",0p5_0p5,6,0.03,1414,0.9159659967235362,0.9383926829738308,0.0370398907418261
Arizona,0.95,1,DMDCA,"0.5,0.5",0p5_0p5,6,0.05,1414,0.8632128306223483,0.9134844640375656,0.0619481096780912
Arizona,0.95,1,MDCA,none,none,6,0.0,1421,1.0,0.974131386907194,-7.771561172376097e-16
Arizona,0.95,1,MDCA,none,none,6,0.01,1421,0.9714735296233128,0.9604034466834496,0.0137279402237434
Arizona,0.95,1,MDCA,none,none,6,0.03,1421,0.916424724203034,0.9329461675625718,0.0411852193446213
Arizona,0.95,1,MDCA,none,none,6,0.05,1421,0.863963007653061,0.905510769167434,0.068620617739759
Arizona,0.95,2,DMDCA,"0.5,0.5",0p5_0p5,6,0.0,1432,1.0,0.9752544922278882,-2.4424906541753444e-15
Arizona,0.95,2,DMDCA,"0.5,0.5",0p5_0p5,6,0.01,1432,0.9706907536252168,0.9630465622087344,0.0122079300191514
Arizona,0.95,2,DMDCA,"0.5,0.5",0p5_0p5,6,0.03,1432,0.9141652929282053,0.9384558844009282,0.0367986078269575
Arizona,0.95,2,DMDCA,"0.5,0.5",0p5_0p5,6,0.05,1432,0.8603424915982888,0.9136607205045244,0.0615937717233614
Arizona,0.95,2,MDCA,none,none,6,0.0,1436,1.0,0.9734572792853592,-2.664535259100376e-15
Arizona,0.95,2,MDCA,none,none,6,0.01,1436,0.9708814611562748,0.9598806342390622,0.0135766450462943
Arizona,0.95,2,MDCA,none,none,6,0.03,1436,0.9147176982487596,0.9327105794291644,0.040746699856192
Arizona,0.95,2,MDCA,none,none,6,0.05,1436,0.8612310856001917,0.905541264408014,0.0679160148773425
Arizona,0.95,3,DMDCA,"0.5,0.5",0p5_0p5,6,0.0,1364,1.0,0.975784847629714,3.3306690738754696e-16
Arizona,0.95,3,DMDCA,"0.5,0.5",0p5_0p5,6,0.01,1364,0.9706775589709112,0.9637099992778057,0.0120748483519087
Arizona,0.95,3,DMDCA,"0.5,0.5",0p5_0p5,6,0.03,1364,0.9141219615232165,0.9393720462971656,0.0364128013325486
Arizona,0.95,3,DMDCA,"0.5,0.5",0p5_0p5,6,0.05,1364,0.8602635365079727,0.9148119355876748,0.0609729120420393
Arizona,0.95,3,MDCA,none,none,6,0.0,1366,1.0,0.9741992958831348,0.0
Arizona,0.95,3,MDCA,none,none,6,0.01,1366,0.970879510328198,0.9607795979209216,0.013419697962213
Arizona,0.95,3,MDCA,none,none,6,0.03,1366,0.9147128083973288,0.9338947524371978,0.040304543445937
Arizona,0.95,3,MDCA,none,none,6,0.05,1366,0.861223930259425,0.9069744890096876,0.0672248068734472
Arizona,0.95,4,DMDCA,"0.5,0.5",0p5_0p5,6,0.0,1384,1.0,0.9757796480475136,1.4432899320127037e-15
Arizona,0.95,4,DMDCA,"0.5,0.5",0p5_0p5,6,0.01,1384,0.971168109124435,0.9638987288052168,0.0118809192422981
Arizona,0.95,4,DMDCA,"0.5,0.5",0p5_0p5,6,0.03,1384,0.9155317151486428,0.939940761662022,0.035838886385493
Arizona,0.95,4,DMDCA,"0.5,0.5",0p5_0p5,6,0.05,1384,0.8625132502935334,0.9157506121452654,0.0600290359022496
Arizona,0.95,4,MDCA,none,none,6,0.0,1391,1.0,0.9741136348502392,1.1102230246251563e-15
Arizona,0.95,4,MDCA,none,none,6,0.01,1391,0.9711836418933928,0.9606714916451043,0.0134421432051358
Arizona,0.95,4,MDCA,none,none,6,0.03,1391,0.9155682021104676,0.9337522041897774,0.0403614306604628
Arizona,0.95,4,MDCA,none,none,6,0.05,1391,0.8625597630863585,0.9068103542898286,0.0673032805604116
Arizona,0.95,5,DMDCA,"0.5,0.5",0p5_0p5,6,0.0,1385,1.0,0.9755905707882192,1.1102230246251563e-16
Arizona,0.95,5,DMDCA,"0.5,0.5",0p5_0p5,6,0.01,1385,0.9711306290415964,0.9634366689127438,0.0121539018754754
Arizona,0.95,5,DMDCA,"0.5,0.5",0p5_0p5,6,0.03,1385,0.9154153229023958,0.9389690725824874,0.0366214982057319
Arizona,0.95,5,DMDCA,"0.5,0.5",0p5_0p5,6,0.05,1385,0.862314238842509,0.9143156268401088,0.0612749439481106
Arizona,0.95,5,MDCA,none,none,6,0.0,1388,1.0,0.973599974839496,3.3306690738754696e-16
Arizona,0.95,5,MDCA,none,none,6,0.01,1388,0.9717678155027528,0.9597978096435168,0.0138021651959796
Arizona,0.95,5,MDCA,none,none,6,0.03,1388,0.9172699133722688,0.9322065349291364,0.0413934399103599
Arizona,0.95,5,MDCA,none,none,6,0.05,1388,0.8653108021996573,0.9046550166280296,0.0689449582114668
Arizona,0.99,1,DMDCA,"0.5,0.5",0p5_0p5,6,0.0,1415,1.0,0.99405293374385,0.0
Arizona,0.99,1,DMDCA,"0.5,0.5",0p5_0p5,6,0.01,1415,0.9667008536439944,0.9855291098360264,0.0085238239078236
Arizona,0.99,1,DMDCA,"0.5,0.5",0p5_0p5,6,0.03,1415,0.9028856125261538,0.9679447498842386,0.0261081838596114
Arizona,0.99,1,DMDCA,"0.5,0.5",0p5_0p5,6,0.05,1415,0.8426394400618371,0.949676706455769,0.0443762272880811
Arizona,0.99,1,MDCA,none,none,6,0.0,1423,1.0,0.9940837983121582,-3.3306690738754696e-16
Arizona,0.99,1,MDCA,none,none,6,0.01,1423,0.9670125075360207,0.9844964427952853,0.0095873555168727
Arizona,0.99,1,MDCA,none,none,6,0.03,1423,0.9037925488695584,0.9648813555071832,0.0292024428049746
Arizona,0.99,1,MDCA,none,none,6,0.05,1423,0.8441048840258256,0.9447092490051568,0.0493745493070011
Arizona,0.99,2,DMDCA,"0.5,0.5",0p5_0p5,6,0.0,1406,1.0,0.9940942495325352,-1.7763568394002505e-15
Arizona,0.99,2,DMDCA,"0.5,0.5",0p5_0p5,6,0.01,1406,0.9668641108328192,0.985614793842396,0.0084794556901375
Arizona,0.99,2,DMDCA,"0.5,0.5",0p5_0p5,6,0.03,1406,0.9033488950076644,0.9681147135689192,0.0259795359636141
Arizona,0.99,2,DMDCA,"0.5,0.5",0p5_0p5,6,0.05,1406,0.8433700371621617,0.9499253160988406,0.0441689334336928
Arizona,0.99,2,MDCA,none,none,6,0.0,1408,1.0,0.9941267909209208,-1.887379141862766e-15
Arizona,0.99,2,MDCA,none,none,6,0.01,1408,0.967766307114656,0.9846864361050716,0.0094403548158473
Arizona,0.99,2,MDCA,none,none,6,0.03,1408,0.9059035319136672,0.9653672927386664,0.0287594981822526
Arizona,0.99,2,MDCA,none,none,6,0.05,1408,0.8473861185635654,0.9454929339708196,0.0486338569500994
Arizona,0.99,3,DMDCA,"0.5,0.5",0p5_0p5,6,0.0,1442,1.0,0.9940090179473422,1.1102230246251563e-15
Arizona,0.99,3,DMDCA,"0.5,0.5",0p5_0p5,6,0.01,1442,0.9679455201081408,0.9844007851401402,0.0096082328072031
Arizona,0.99,3,DMDCA,"0.5,0.5",0p5_0p5,6,0.03,1442,0.9064302028794252,0.9647730768346006,0.0292359411127427
Arizona,0.99,3,DMDCA,"0.5,0.5",0p5_0p5,6,0.05,1442,0.8482454145609397,0.9446259240400294,0.0493830939073138
Arizona,0.99,3,MDCA,none,none,6,0.0,1450,1.0,0.9940195424813352,1.2212453270876722e-15
Arizona,0.99,3,MDCA,none,none,6,0.01,1450,0.9684506699494762,0.9840466658802892,0.0099728766010471
Arizona,0.99,3,MDCA,none,none,6,0.03,1450,0.9078751521222488,0.9637121994596436,0.0303073430216926
Arizona,0.99,3,MDCA,none,none,6,0.05,1450,0.8505403683189652,0.942888903808992,0.0511306386723444
Arizona,0.99,4,DMDCA,"0.5,0.5",0p5_0p5,6,0.0,1425,1.0,0.9941349932157416,2.220446049250313e-16
Arizona,0.99,4,DMDCA,"0.5,0.5",0p5_0p5,6,0.01,1425,0.9682600903357448,0.9851413329506286,0.0089936602651132
Arizona,0.99,4,DMDCA,"0.5,0.5",0p5_0p5,6,0.03,1425,0.9072955651145072,0.9666995468275996,0.0274354463881423
Arizona,0.99,4,DMDCA,"0.5,0.5",0p5_0p5,6,0.05,1425,0.8495634047916663,0.9476810266096792,0.0464539666060627
Arizona,0.99,4,MDCA,none,none,6,0.0,1431,1.0,0.9941610738524658,3.3306690738754696e-16
Arizona,0.99,4,MDCA,none,none,6,0.01,1431,0.9685498992408306,0.984146049715982,0.0100150241364842
Arizona,0.99,4,MDCA,none,none,6,0.03,1431,0.9081313857618528,0.963743179383376,0.03041789446909
Arizona,0.99,4,MDCA,none,none,6,0.05,1431,0.8509028951345212,0.9428710764771704,0.0512899973752958
Arizona,0.99,5,DMDCA,"0.5,0.5",0p5_0p5,6,0.0,1379,1.0,0.9940617488071056,1.2212453270876722e-15
Arizona,0.99,5,DMDCA,"0.5,0.5",0p5_0p5,6,0.01,1379,0.9678659312932792,0.985107504530316,0.0089542442767908
Arizona,0.99,5,DMDCA,"0.5,0.5",0p5_0p5,6,0.03,1379,0.9061406422191852,0.9667388836901896,0.0273228651169173
Arizona,0.99,5,DMDCA,"0.5,0.5",0p5_0p5,6,0.05,1379,0.8476855999932019,0.9477849180614548,0.046276830745652
Arizona,0.99,5,MDCA,none,none,6,0.0,1382,1.0,0.9940844809519505,1.1102230246251563e-15
Arizona,0.99,5,MDCA,none,none,6,0.01,1382,0.968788907366731,0.9839470294216776,0.0101374515302739
Arizona,0.99,5,MDCA,none,none,6,0.03,1382,0.9087745974894628,0.963319508812094,0.0307649721398575
Arizona,0.99,5,MDCA,none,none,6,0.05,1382,0.8518604669636397,0.9422481486395408,0.0518363323124106
Arizona,0.996,1,DMDCA,"0.5,0.5",0p5_0p5,6,0.0,1406,1.0,0.9978442829157876,-2.220446049250313e-16
Arizona,0.996,1,DMDCA,"0.5,0.5",0p5_0p5,6,0.01,1406,0.964138113284844,0.991169159940298,0.0066751229754894
Arizona,0.996,1,DMDCA,"0.5,0.5",0p5_0p5,6,0.03,1406,0.89565301024007,0.9771844816295424,0.0206598012862451
Arizona,0.996,1,DMDCA,"0.5,0.5",0p5_0p5,6,0.05,1406,0.831307856630067,0.9623777938220178,0.0354664890937695
Arizona,0.996,1,MDCA,none,none,6,0.0,1408,1.0,0.9978438091167204,-2.220446049250313e-16
Arizona,0.996,1,MDCA,none,none,6,0.01,1408,0.9647068486019768,0.9896351703511608,0.0082086387655595
Arizona,0.996,1,MDCA,none,none,6,0.03,1408,0.8973086709481581,0.972694212609307,0.0251495965074133
Arizona,0.996,1,MDCA,none,none,6,0.05,1408,0.8339847831920277,0.9550788172855152,0.0427649918312051
Arizona,0.996,2,DMDCA,"0.5,0.5",0p5_0p5,6,0.0,1407,1.0,0.9978189950275322,1.9984014443252818e-15
Arizona,0.996,2,DMDCA,"0.5,0.5",0p5_0p5,6,0.01,1407,0.9653497124087144,0.9902960872594584,0.0075229077680759
Arizona,0.996,2,DMDCA,"0.5,0.5",0p5_0p5,6,0.03,1407,0.8990355254026078,0.9747105804708764,0.0231084145566579
Arizona,0.996,2,DMDCA,"0.5,0.5",0p5_0p5,6,0.05,1407,0.8365481150164354,0.9584281414751292,0.0393908535524051
Arizona,0.996,2,MDCA,none,none,6,0.0,1410,1.0,0.9978225300803564,1.887379141862766e-15
Arizona,0.996,2,MDCA,none,none,6,0.01,1410,0.965850939572598,0.9894753772523042,0.008347152828054
Arizona,0.996,2,MDCA,none,none,6,0.03,1410,0.9005018811842742,0.9722819757005312,0.0255405543798271
Arizona,0.996,2,MDCA,none,none,6,0.05,1410,0.8389296755651596,0.9544473468271868,0.0433751832531713
Arizona,0.996,3,DMDCA,"0.5,0.5",0p5_0p5,6,0.0,1464,1.0,0.9979215113802484,1.5543122344752194e-15
Arizona,0.996,3,DMDCA,"0.5,0.5",0p5_0p5,6,0.01,1464,0.9653065036831164,0.9907403624845822,0.0071811488956677
Arizona,0.996,3,DMDCA,"0.5,0.5",0p5_0p5,6,0.03,1464,0.8989926954757561,0.9757927451352624,0.0221287662449874
Arizona,0.996,3,DMDCA,"0.5,0.5",0p5_0p5,6,0.05,1464,0.8366087269787399,0.9600880111447244,0.0378335002355254
Arizona,0.996,3,MDCA,none,none,6,0.0,1466,1.0,0.9979214966186372,1.5543122344752194e-15
Arizona,0.996,3,MDCA,none,none,6,0.01,1466,0.965610033658858,0.9897364773872904,0.0081850192313482
Arizona,0.996,3,MDCA,none,none,6,0.03,1466,0.8998423769209373,0.9728749043111732,0.0250465923074657
Arizona,0.996,3,MDCA,none,none,6,0.05,1466,0.837928479344304,0.9553802563680251,0.0425412402506135
Arizona,0.996,4,DMDCA,"0.5,0.5",0p5_0p5,6,0.0,1463,1.0,0.9978679941228592,5.551115123125784e-16
Arizona,0.996,4,DMDCA,"0.5,0.5",0p5_0p5,6,0.01,1463,0.9647941516528874,0.9909749624827188,0.0068930316401408
Arizona,0.996,4,DMDCA,"0.5,0.5",0p5_0p5,6,0.03,1463,0.8974801994000309,0.9765835832384938,0.0212844108843659
Arizona,0.996,4,DMDCA,"0.5,0.5",0p5_0p5,6,0.05,1463,0.834131742288961,0.9614080424929934,0.0364599516298663
Arizona,0.996,4,MDCA,none,none,6,0.0,1471,1.0,0.997873197605648,4.440892098500626e-16
Arizona,0.996,4,MDCA,none,none,6,0.01,1471,0.9649272229588574,0.990031488876828,0.0078417087288202
Arizona,0.996,4,MDCA,none,none,6,0.03,1471,0.8979165018700143,0.9738120775201214,0.0240611200855269
Arizona,0.996,4,MDCA,none,none,6,0.05,1471,0.8349139462844153,0.9569003391385794,0.0409728584670689
Arizona,0.996,5,DMDCA,"0.5,0.5",0p5_0p5,6,0.0,1401,1.0,0.9978960924551372,-3.4416913763379853e-15
Arizona,0.996,5,DMDCA,"0.5,0.5",0p5_0p5,6,0.01,1401,0.965103011480203,0.990451444437509,0.0074446480176246
Arizona,0.996,5,DMDCA,"0.5,0.5",0p5_0p5,6,0.03,1401,0.898357935108126,0.9750193724293827,0.0228767200257509
Arizona,0.996,5,DMDCA,"0.5,0.5",0p5_0p5,6,0.05,1401,0.8355162473791041,0.958884904655774,0.0390111877993596
Arizona,0.996,5,MDCA,none,none,6,0.0,1404,1.0,0.9978984944638308,-3.3306690738754696e-15
Arizona,0.996,5,MDCA,none,none,6,0.01,1404,0.965400909989788,0.9898389331862432,0.0080595612775841
Arizona,0.996,5,MDCA,none,none,6,0.03,1404,0.8992183214292918,0.9732324593351828,0.0246660351286447
Arizona,0.996,5,MDCA,none,none,6,0.05,1404,0.836896621071492,0.9559966262649336,0.0419018681988938
Arizona,0.998,1,DMDCA,"0.5,0.5",0p5_0p5,6,0.0,1319,1.0,0.998838361975757,-8.881784197001252e-16
Arizona,0.998,1,DMDCA,"0.5,0.5",0p5_0p5,6,0.01,1319,0.96406285517566,0.9924090046710792,0.006429357304677
Arizona,0.998,1,DMDCA,"0.5,0.5",0p5_0p5,6,0.03,1319,0.8954651407610185,0.9789636158874298,0.0198747460883264
Arizona,0.998,1,DMDCA,"0.5,0.5",0p5_0p5,6,0.05,1319,0.8310527129454127,0.9647516978226,0.0340866641531562
Arizona,0.998,1,MDCA,none,none,6,0.0,1295,1.0,0.9988402293261224,-6.661338147750939e-16
Arizona,0.998,1,MDCA,none,none,6,0.01,1295,0.9650413497569766,0.9916564962676478,0.0071837330584738
Arizona,0.998,1,MDCA,none,none,6,0.03,1295,0.8982354368305524,0.9767312917692916,0.0221089375568301
Arizona,0.998,1,MDCA,none,none,6,0.05,1295,0.8354071612572391,0.9610824427575092,0.0377577865686123
Arizona,0.998,2,DMDCA,"0.5,0.5",0p5_0p5,6,0.0,1406,1.0,0.9988197550001284,-1.1102230246251563e-16
Arizona,0.998,2,DMDCA,"0.5,0.5",0p5_0p5,6,0.01,1406,0.9646216122588864,0.9922750008352936,0.0065447541648349
Arizona,0.998,2,DMDCA,"0.5,0.5",0p5_0p5,6,0.03,1406,0.897059992995893,0.9785955622516224,0.0202241927485061
Arizona,0.998,2,DMDCA,"0.5,0.5",0p5_0p5,6,0.05,1406,0.8335804151182428,0.9641472841676992,0.0346724708324293
Arizona,0.998,2,MDCA,none,none,6,0.0,1371,1.0,0.9988237701635804,2.220446049250313e-16
Arizona,0.998,2,MDCA,none,none,6,0.01,1371,0.9656367956804374,0.9908128689568004,0.0080109012067802
Arizona,0.998,2,MDCA,none,none,6,0.03,1371,0.8999333037663891,0.9743180377313064,0.0245057324322741
Arizona,0.998,2,MDCA,none,none,6,0.05,1371,0.8380960024617069,0.9572102207970822,0.0416135493664984
Arizona,0.998,3,DMDCA,"0.5,0.5",0p5_0p5,6,0.0,1425,1.0,0.9988422517475106,-3.3306690738754696e-16
Arizona,0.998,3,DMDCA,"0.5,0.5",0p5_0p5,6,0.01,1425,0.9645886221631584,0.9923569721083964,0.0064852796391138
Arizona,0.998,3,DMDCA,"0.5,0.5",0p5_0p5,6,0.03,1425,0.8969626547762104,0.9787800881943224,0.020062163553188
Arizona,0.998,3,DMDCA,"0.5,0.5",0p5_0p5,6,0.05,1425,0.8334206291666668,0.964414246253224,0.0344280054942861
Arizona,0.998,3,MDCA,none,none,6,0.0,1388,1.0,0.9988523776693438,-3.3306690738754696e-16
Arizona,0.998,3,MDCA,none,none,6,0.01,1388,0.9647407532581408,0.991613740474528,0.0072386371948154
Arizona,0.998,3,MDCA,none,none,6,0.03,1388,0.8974247918924864,0.9766068734712762,0.0222455041980672
Arizona,0.998,3,MDCA,none,none,6,0.05,1388,0.8341979347419844,0.96091041583465,0.0379419618346935
Arizona,0.998,4,DMDCA,"0.5,0.5",0p5_0p5,6,0.0,1358,1.0,0.9988089522705462,3.3306690738754696e-16
Arizona,0.998,4,DMDCA,"0.5,0.5",0p5_0p5,6,0.01,1358,0.9646956832990956,0.992204932573302,0.0066040196972445
Arizona,0.998,4,DMDCA,"0.5,0.5",0p5_0p5,6,0.03,1358,0.897220044371714,0.9784227528953744,0.0203861993751721
Arizona,0.998,4,DMDCA,"0.5,0.5",0p5_0p5,6,0.05,1358,0.8337525967875544,0.9638926982929762,0.0349162539775703
Arizona,0.998,4,MDCA,none,none,6,0.0,1331,1.0,0.9988139028141224,3.3306690738754696e-16
Arizona,0.998,4,MDCA,none,none,6,0.01,1331,0.9648991493857936,0.9913948359183672,0.0074190668957555
Arizona,0.998,4,MDCA,none,none,6,0.03,1331,0.8978224462205402,0.976020048839091,0.0227938539750318
Arizona,0.998,4,MDCA,none,none,6,0.05,1331,0.8347409486640681,0.9599487853164478,0.038865117497675
Arizona,0.998,5,DMDCA,"0.5,0.5",0p5_0p5,6,0.0,1390,1.0,0.9988325682616502,1.1102230246251563e-16
Arizona,0.998,5,DMDCA,"0.5,0.5",0p5_0p5,6,0.01,1390,0.9640053509327288,0.9926321358147348,0.0062004324469154
Arizona,0.998,5,DMDCA,"0.5,0.5",0p5_0p5,6,0.03,1390,0.8952881467863281,0.9796154390148928,0.0192171292467575
Arizona,0.998,5,DMDCA,"0.5,0.5",0p5_0p5,6,0.05,1390,0.8307520972684352,0.9657958219426612,0.0330367463189892
Arizona,0.998,5,MDCA,none,none,6,0.0,1350,1.0,0.9988412797816344,0.0
Arizona,0.998,5,MDCA,none,none,6,0.01,1350,0.964743947392793,0.9917031129116998,0.0071381668699345
Arizona,0.998,5,MDCA,none,none,6,0.03,1350,0.8973725793632281,0.97686808859376,0.0219731911878743
Arizona,0.998,5,MDCA,none,none,6,0.05,1350,0.8340184735069439,0.9613076279441845,0.0375336518374498
Arizona,0.999,1,DMDCA,"0.5,0.5",0p5_0p5,6,0.0,1154,1.0,0.9993637831266574,1.1102230246251563e-16
Arizona,0.999,1,DMDCA,"0.5,0.5",0p5_0p5,6,0.01,1154,0.963387977159784,0.994205911257546,0.0051578718691115
Arizona,0.999,1,DMDCA,"0.5,0.5",0p5_0p5,6,0.03,1154,0.8935573019976075,0.983261167397922,0.0161026157287353
Arizona,0.999,1,DMDCA,"0.5,0.5",0p5_0p5,6,0.05,1154,0.8280587812906193,0.9714876471786056,0.0278761359480518
Arizona,0.999,1,MDCA,none,none,6,0.0,934,1.0,0.99937761744406,3.3306690738754696e-16
Arizona,0.999,1,MDCA,none,none,6,0.01,934,0.9656175827549774,0.9931984208249818,0.0061791966190786
Arizona,0.999,1,MDCA,none,none,6,0.03,934,0.8998421650738978,0.980281399484192,0.0190962179598683
Arizona,0.999,1,MDCA,none,none,6,0.05,934,0.8378927373695126,0.9666339717492528,0.0327436456948075
Arizona,0.999,2,DMDCA,"0.5,0.5",0p5_0p5,6,0.0,1117,1.0,0.9993748749259368,-8.881784197001252e-16
Arizona,0.999,2,DMDCA,"0.5,0.5",0p5_0p5,6,0.01,1117,0.965170884493974,0.993386975778048,0.0059878991478879
Arizona,0.999,2,DMDCA,"0.5,0.5",0p5_0p5,6,0.03,1117,0.89858311247753,0.9808526691984828,0.0185222057274532
Arizona,0.999,2,DMDCA,"0.5,0.5",0p5_0p5,6,0.05,1117,0.8359230865180172,0.9675854211056428,0.0317894538202929
Arizona,0.999,2,MDCA,none,none,6,0.0,894,1.0,0.9993978795389584,-5.551115123125784e-16
Arizona,0.999,2,MDCA,none,none,6,0.01,894,0.9680028033426548,0.9931632785018234,0.0062346010371343
Arizona,0.999,2,MDCA,none,none,6,0.03,894,0.9065966153701978,0.980187357025282,0.0192105225136758
Arizona,0.999,2,MDCA,none,none,6,0.05,894,0.848512068180229,0.9665471654329072,0.0328507141060506
Arizona,0.999,3,DMDCA,"0.5,0.5",0p5_0p5,6,0.0,1165,1.0,0.9993686394385732,7.771561172376097e-16
Arizona,0.999,3,DMDCA,"0.5,0.5",0p5_0p5,6,0.01,1165,0.964711061491558,0.9937881681465922,0.0055804712919818
Arizona,0.999,3,DMDCA,"0.5,0.5",0p5_0p5,6,0.03,1165,0.8972900940636781,0.982041882444496,0.0173267569940779
Arizona,0.999,3,DMDCA,"0.5,0.5",0p5_0p5,6,0.05,1165,0.8339060030177039,0.9695255969752132,0.0298430424633606
Arizona,0.999,3,MDCA,none,none,6,0.0,967,1.0,0.9993761348769676,5.551115123125784e-16
Arizona,0.999,3,MDCA,none,none,6,0.01,967,0.9671431267087164,0.9931501659933912,0.0062259688835768
Arizona,0.999,3,MDCA,none,none,6,0.03,967,0.9041429932110036,0.9801724751870662,0.019203659689902
Arizona,0.999,3,MDCA,none,none,6,0.05,967,0.8446252567379775,0.9665059004251018,0.0328702344518664
Arizona,0.999,4,DMDCA,"0.5,0.5",0p5_0p5,6,0.0,1136,1.0,0.9993788080112932,9.992007221626409e-16
Arizona,0.999,4,DMDCA,"0.5,0.5",0p5_0p5,6,0.01,1136,0.965511431917138,0.993434350853836,0.0059444571574582
Arizona,0.999,4,DMDCA,"0.5,0.5",0p5_0p5,6,0.03,1136,0.8995789676546658,0.9810137577813764,0.0183650502299178
Arizona,0.999,4,DMDCA,"0.5,0.5",0p5_0p5,6,0.05,1136,0.8375396185766946,0.9678931834725578,0.0314856245387363
Arizona,0.999,4,MDCA,none,none,6,0.0,928,1.0,0.9993962746071552,-3.3306690738754696e-16
Arizona,0.999,4,MDCA,none,none,6,0.01,928,0.9673358874626448,0.993009396526504,0.0063868780806508
Arizona,0.999,4,MDCA,none,none,6,0.03,928,0.9047098892162564,0.9797220753496104,0.0196741992575445
Arizona,0.999,4,MDCA,none,none,6,0.05,928,0.8455497220837818,0.9657616510963236,0.0336346235108314
Arizona,0.999,5,DMDCA,"0.5,0.5",0p5_0p5,6,0.0,1087,1.0,0.9993633959871608,0.0
Arizona,0.999,5,DMDCA,"0.5,0.5",0p5_0p5,6,0.01,1087,0.9643283065881884,0.99387164723928,0.0054917487478809
Arizona,0.999,5,DMDCA,"0.5,0.5",0p5_0p5,6,0.03,1087,0.8961879638457856,0.9823086704130056,0.0170547255741552
Arizona,0.999,5,DMDCA,"0.5,0.5",0p5_0p5,6,0.05,1087,0.8321436453685603,0.9699831442072554,0.0293802517799054
Arizona,0.999,5,MDCA,none,none,6,0.0,885,1.0,0.9993820464509444,3.3306690738754696e-16
Arizona,0.999,5,MDCA,none,none,6,0.01,885,0.9660702172889688,0.9932737876639196,0.0061082587870252
Arizona,0.999,5,MDCA,none,none,6,0.03,885,0.901136854257403,0.9805368511691244,0.0188451952818202
Arizona,0.999,5,MDCA,none,none,6,0.05,885,0.8399501020127114,0.9671146298990796,0.0322674165518651
