region,fixed_reliability,M,method,acceptance_ratio_mean,acceptance_ratio_std,acceptance_ratio_count,avg_cost_per_accepted_mean,avg_cost_per_accepted_std,avg_cost_per_accepted_count,p95_e2e_delay_accepted_mean,p95_e2e_delay_accepted_std,p95_e2e_delay_accepted_count,avg_e2e_delay_accepted_mean,avg_e2e_delay_accepted_std,avg_e2e_delay_accepted_count,capacity_rejection_ratio_mean,capacity_rejection_ratio_std,capacity_rejection_ratio_count,reliability_rejection_ratio_mean,reliability_rejection_ratio_std,reliability_rejection_ratio_count,qos_rejection_ratio_mean,qos_rejection_ratio_std,qos_rejection_ratio_count,rga_rejection_ratio_mean,rga_rejection_ratio_std,rga_rejection_ratio_count,final_utilization_mean,final_utilization_std,final_utilization_count,avg_utilization_over_time_mean,avg_utilization_over_time_std,avg_utilization_over_time_count,total_arrivals_mean,total_arrivals_std,total_arrivals_count,total_accepted_mean,total_accepted_std,total_accepted_count,avg_transmitted_bits_per_accepted_mean,avg_transmitted_bits_per_accepted_std,avg_transmitted_bits_per_accepted_count,avg_split_transmitted_bits_per_accepted_mean,avg_split_transmitted_bits_per_accepted_std,avg_split_transmitted_bits_per_accepted_count,acceptance_ratio_ci95,avg_cost_per_accepted_ci95,p95_e2e_delay_accepted_ci95,avg_e2e_delay_accepted_ci95,capacity_rejection_ratio_ci95,reliability_rejection_ratio_ci95,qos_rejection_ratio_ci95,rga_rejection_ratio_ci95,final_utilization_ci95,avg_utilization_over_time_ci95,total_arrivals_ci95,total_accepted_ci95,avg_transmitted_bits_per_accepted_ci95,avg_split_transmitted_bits_per_accepted_ci95
Alabama,0.996,1,DMDCA,0.30574635018,0.017110579043702483,5,24.18762564232,1.6105171419726696,5,0.1130625848,0.004695887030011644,5,0.0550996669,0.0016331300152901819,5,0.0,0.0,5,0.0,0.0,5,0.0016571722800000001,0.0009291783665370615,5,0.6925964775000001,0.017560927512866868,5,0.20020482536,0.014789821761821165,5,0.1655239349,0.019811893356105306,5,1447.8,15.546703830715993,5,442.6,23.80756182392476,5,1345790.0789848135,62909.96247365529,5,506058.5488785865,21774.883805945632,5,0.014998083807432023,1.411680516884791,0.0041161264645961275,0.001431501574271374,0.0,0.0,0.0008144607483932414,0.015392831645352918,0.012963850359138827,0.01736589020043334,13.627286743882637,20.868248033795258,55143.01340079718,19086.527193763475
Alabama,0.996,1,MDCA,0.14951107386,0.011663084880225045,5,16.4580739789,1.1288612417076584,5,0.08706256134,0.00487801096170379,5,0.039619664980000004,0.0007055505857217862,5,0.0,0.0,5,0.0,0.0,5,0.00013869626,0.000310134265584985,5,0.8503502298800001,0.011773941854834574,5,0.07765020036,0.012749198327537906,5,0.06431673226,0.006387338924322382,5,1447.8,15.546703830715993,5,216.4,15.993748778819805,5,389010.0749765198,38077.66235946538,5,0.0,0.0,5,0.01022314464285701,0.9894905056602729,0.004275765129300648,0.0006184423559255728,0.0,0.0,0.0002718446696,0.010320315065411707,0.011175165054648543,0.00559874941980517,13.627286743882637,14.019138917922168,33376.54265233945,0.0
Alabama,0.996,2,DMDCA,0.96650654674,0.0111692223587647,5,58.0914703807,2.312579452515016,5,0.13184996614,0.00437878793492213,5,0.06824278628,0.0009901412567402143,5,0.023825330920000002,0.010990258070288871,5,0.0,0.0,5,0.00966812234,0.0014545295876269217,5,0.0,0.0,5,0.8341066793199999,0.12397511042668162,5,0.82935529644,0.01515749663149869,5,1447.8,15.546703830715993,5,1399.2,10.329569206893387,5,1771770.0156286857,22420.966020015123,5,420459.40961653163,7767.31688052085,5,0.009790255056403298,2.0270652648035865,0.0038381768527643878,0.0008678970777000908,0.009633385941089178,0.0,0.0012749513970216652,0.0,0.10866897557738439,0.013286131592008019,13.627286743882637,9.054266618561662,19652.843223650954,6808.353430669483
Alabama,0.996,2,MDCA,0.9433845095400001,0.008859165218089687,5,61.78512079482,2.706076610885615,5,0.12483838636,0.0022037989624580515,5,0.06295811406,0.0006802210283402288,5,0.04970888912,0.008898753108231948,5,0.0,0.0,5,0.00690660136,0.001090127279551999,5,0.0,0.0,5,0.86601482624,0.09647324650023612,5,0.85952268268,0.015015041751118417,5,1447.8,15.546703830715993,5,1365.8,16.361540269791238,5,1268792.8236472213,21585.96248311042,5,0.0,0.0,5,0.007765400695407714,2.371980731670893,0.0019317149612094863,0.0005962400199646764,0.007800101011077719,0.0,0.0009555386908724329,0.0,0.08456252897637168,0.013161264383875318,13.627286743882637,14.341522373862555,18920.93035302206,0.0
Alabama,0.996,3,DMDCA,0.96785858166,0.008311083816209992,5,58.46527216208,2.165122363852487,5,0.13192747706,0.0022460261782494967,5,0.06804413378,0.000907778815284583,5,0.02302536298,0.008329801416679617,5,0.0,0.0,5,0.009116055340000002,0.0019759509828893803,5,0.0,0.0,5,0.8410249112600001,0.12364393855109686,5,0.83098591952,0.014215830505014234,5,1447.8,15.546703830715993,5,1401.2,11.777096416349837,5,1747991.3149288048,32767.240895022936,5,399968.39767336217,11092.786984556555,5,0.007284986164859613,1.897813427790244,0.001968728747813494,0.0007957032146881367,0.007301392865053712,0.0,0.0017319974014356858,0.0,0.1083786906295753,0.012460724839404181,13.627286743882637,10.32308016049474,28721.753005941875,9723.256496898199
Alabama,0.996,3,MDCA,0.94103800156,0.010425852545407647,5,61.69259000546,2.7271935597254062,5,0.12565164814000002,0.002339762550086392,5,0.06312285264,0.0006717810749870326,5,0.052606500359999996,0.011109798401319416,5,0.0,0.0,5,0.006355498060000001,0.0009100500189933315,5,0.0,0.0,5,0.8707960404799999,0.10352054527087916,5,0.86111606036,0.01419624817443283,5,1447.8,15.546703830715993,5,1362.4,17.896927110540528,5,1283247.4212235825,16681.691107092527,5,0.0,0.0,5,0.009138662685848918,2.390490553439491,0.00205089230037496,0.0005888420746702043,0.00973816766113413,0.0,0.000797694012514473,0.0,0.09073975870706383,0.012443560169847726,13.627286743882637,15.687348278150784,14622.146955684144,0.0
Alabama,0.996,4,DMDCA,0.96910754958,0.009707740043495262,5,58.48947793016,2.248333041225114,5,0.13120566556,0.002906954778524892,5,0.06803083074,0.0008694277915484072,5,0.022053214520000003,0.009310436022128903,5,0.0,0.0,5,0.008839235919999999,0.0011212280313245928,5,0.0,0.0,5,0.8436474157199999,0.12634088253659342,5,0.8291658312399999,0.013625063530604524,5,1447.8,15.546703830715993,5,1403.0,12.747548783981944,5,1756226.618185234,20034.22186774409,5,409392.93001203483,4856.747403514677,5,0.00850920932489965,1.9707508023653713,0.0025480582089814057,0.0007620870602244641,0.00816095699549204,0.0,0.0009827997017574606,0.0,0.11074266626214246,0.011942894754856518,13.627286743882637,11.173719165971535,17560.769733254725,4257.126798771332
Alabama,0.996,4,MDCA,0.94103800156,0.010425852545407647,5,61.69259000546,2.7271935597254062,5,0.12565164814000002,0.002339762550086392,5,0.06312285264,0.0006717810749870326,5,0.052606500359999996,0.011109798401319416,5,0.0,0.0,5,0.006355498060000001,0.0009100500189933315,5,0.0,0.0,5,0.8707960404799999,0.10352054527087916,5,0.86111606036,0.01419624817443283,5,1447.8,15.546703830715993,5,1362.4,17.896927110540528,5,1283247.4212235825,16681.691107092527,5,0.0,0.0,5,0.009138662685848918,2.390490553439491,0.00205089230037496,0.0005888420746702043,0.00973816766113413,0.0,0.000797694012514473,0.0,0.09073975870706383,0.012443560169847726,13.627286743882637,15.687348278150784,14622.146955684144,0.0
Alabama,0.996,5,DMDCA,0.96744862574,0.009260363957844188,5,58.66987408516,2.257733195139177,5,0.13137728065999998,0.0021398743922220005,5,0.06801420948,0.0008723647717465721,5,0.02246629208,0.009650360009564563,5,0.0,0.0,5,0.01008508218,0.0013528394779907158,5,0.0,0.0,5,0.8378023172800001,0.12412081449876222,5,0.8307771041400001,0.013031365577324757,5,1447.8,15.546703830715993,5,1400.6,12.280065146406992,5,1742387.3181155515,29067.020448460116,5,393986.9349654208,6248.931428383578,5,0.008117066896002412,1.9789904005604868,0.0018756826048932206,0.0007646614368741578,0.008458913507582898,0.0,0.0011858160858895677,0.0,0.10879669082761452,0.011422495554055188,13.627286743882637,10.76395169071284,25478.36678144423,5477.429900555411
Alabama,0.996,5,MDCA,0.94103800156,0.010425852545407647,5,61.69259000546,2.7271935597254062,5,0.12565164814000002,0.002339762550086392,5,0.06312285264,0.0006717810749870326,5,0.052606500359999996,0.011109798401319416,5,0.0,0.0,5,0.006355498060000001,0.0009100500189933315,5,0.0,0.0,5,0.8707960404799999,0.10352054527087916,5,0.86111606036,0.01419624817443283,5,1447.8,15.546703830715993,5,1362.4,17.896927110540528,5,1283247.4212235825,16681.691107092527,5,0.0,0.0,5,0.009138662685848918,2.390490553439491,0.00205089230037496,0.0005888420746702043,0.00973816766113413,0.0,0.000797694012514473,0.0,0.09073975870706383,0.012443560169847726,13.627286743882637,15.687348278150784,14622.146955684144,0.0
Alabama,0.998,1,DMDCA,0.18509714884,0.005083816495697031,5,20.46094285976,0.609733971673938,5,0.10363146048,0.004085200777908312,5,0.04916181824,0.0023606609835204527,5,0.0,0.0,5,0.0,0.0,5,0.00082726338,0.0005717514369906053,5,0.8140755878,0.004659231717540444,5,0.0949259347,0.02627283703485897,5,0.09089925826,0.008266782905327598,5,1449.0,19.974984355438178,5,268.2,8.043631020876086,5,1226504.2839311813,74411.48179653012,5,560400.9287063124,39007.65615027106,5,0.004456161633649224,0.5344553906707117,0.003580836363326099,0.002069210584945431,0.0,0.0,0.000501162231102919,0.004083996666590664,0.023029157032113716,0.00724615470436592,17.508845764355797,7.050553453453143,65224.53958858357,34191.718151617984
Alabama,0.998,1,MDCA,0.0769122886,0.006381508801093825,5,13.27918189616,0.4387988195340198,5,0.07028979744,0.00840786128815324,5,0.03211611142,0.0023353714520250105,5,0.0,0.0,5,0.0,0.0,5,0.0,0.0,5,0.9230877114,0.006381508801093785,5,0.031790260140000005,0.020966340834540794,5,0.028488915660000003,0.0017471841297733665,5,1449.0,19.974984355438178,5,111.4,8.61974477580398,5,201436.25669836992,26559.027184465394,5,0.0,0.0,5,0.005593639091477518,0.38462412365849447,0.0073698153591942395,0.0020470433332206023,0.0,0.0,0.0,0.005593639091477484,0.01837780803142145,0.001531474413485768,17.508845764355797,7.555539424819382,23280.01375868595,0.0
Alabama,0.998,2,DMDCA,0.9262003113,0.005974523611525615,5,59.917937663939995,0.43312991272771995,5,0.13002440166,0.002796070927894939,5,0.066602729,0.0006377075973686601,5,0.045399468139999996,0.005988732159265655,5,0.0,0.0,5,0.012941643320000001,0.003635984544411488,5,0.01545857726,0.0035984236861101703,5,0.9134720755,0.05660029774977003,5,0.8499453814400001,0.012229873582126636,5,1449.0,19.974984355438178,5,1342.0,14.159802258506307,5,1722997.9886300866,23376.798481608133,5,413481.8316785366,9180.023864176006,5,0.0052369008439911375,0.37965510775551137,0.002450864228556127,0.0005589753546938809,0.0052493551852055825,0.0,0.0031870809737255344,0.0031541574298031808,0.049612348419563954,0.010719956844858693,17.508845764355797,12.41161391600626,20490.66731646634,8046.645698984195
Alabama,0.998,2,MDCA,0.8922566591400001,0.006638427303561887,5,61.92180519604,0.883912731144077,5,0.12300785312,0.0037182063091046576,5,0.06121706284,0.0006926040328986598,5,0.05354022282,0.007890398705937916,5,0.0,0.0,5,0.00893607784,0.0033024436051249883,5,0.045267040140000006,0.008166415576908425,5,0.91507660756,0.04589016766072068,5,0.8571007469599999,0.011141609246938291,5,1449.0,19.974984355438178,5,1292.8,12.275992831539126,5,1223265.8528977411,18328.26943846368,5,0.0,0.0,5,0.005818838088066364,0.7747836695821354,0.0032591515281184306,0.0006070942020283464,0.0069162394074129925,0.0,0.0028947194500242267,0.007158178862092316,0.0402245054801877,0.00976605109671855,17.508845764355797,10.76038214934767,16065.43649873998,0.0
Alabama,0.998,3,DMDCA,0.93338519194,0.007365340956221836,5,60.27001612714,0.5260383188186828,5,0.13056058208,0.0035633485367942653,5,0.06680568828,0.0006589878935989816,5,0.051452840359999995,0.004568644770929938,5,0.00041573858,0.0003795546262054607,5,0.014746229119999999,0.003473777241854639,5,0.0,0.0,5,0.93476606486,0.04684322786155254,5,0.85700926896,0.011783455402734044,5,1449.0,19.974984355438178,5,1352.4,14.34573107234343,5,1731444.2001229567,13120.287021755006,5,409752.0116422414,16809.332897407494,5,0.006456005997785529,0.46109291634212635,0.003123412705872184,0.0005776283567631947,0.004004593706956532,0.0003326942985850138,0.0030449000041796507,0.0,0.041059899579305885,0.01032865405781739,17.508845764355797,12.574587706958818,11500.438636661362,14734.029917890448
Alabama,0.998,3,MDCA,0.90867031318,0.004342536813289021,5,63.106634688279996,0.8319271763588959,5,0.12419106974,0.00432856333361251,5,0.06210979422,0.0009120069611738432,5,0.08059156668,0.002224380745371128,5,0.0,0.0,5,0.01073812012,0.003151345930787809,5,0.0,0.0,5,0.93092590304,0.048080675234779754,5,0.8761604677200001,0.011848189449089785,5,1449.0,19.974984355438178,5,1316.6,12.641202474448404,5,1249597.252597148,13359.713092069776,5,0.0,0.0,5,0.003806401343649349,0.7292163217178352,0.0037941530486773033,0.0007994093479659881,0.001949755689360665,0.0,0.0027622764989686842,0.0,0.042144570025790806,0.010385395951236531,17.508845764355797,11.080502515680429,11710.304840434674,0.0
Alabama,0.998,4,DMDCA,0.9336595113599999,0.0065236039994857374,5,60.322882307600004,0.3906604518064113,5,0.1297686569,0.0025131876024205835,5,0.06679199452,0.0007580432633886655,5,0.052701458820000005,0.004723005065545243,5,0.0005554,0.000581861780950343,5,0.013083629820000001,0.00296390778585259,5,0.0,0.0,5,0.9307277168200001,0.03916854735743716,5,0.85875705016,0.012786687926723973,5,1449.0,19.974984355438178,5,1352.8,13.79130160644747,5,1723013.4081766643,28023.804264068425,5,408388.3697665833,9026.066166846,5,0.005718191024446728,0.34242898393308707,0.0022029060611350785,0.0006644542165945508,0.004139896470776924,0.0005100243383199112,0.002597979720977254,0.0,0.0343327455126905,0.011208026137202416,17.508845764355797,12.088608852965688,24563.94747846134,7911.695827243617
Alabama,0.998,4,MDCA,0.90867031318,0.004342536813289021,5,63.106634688279996,0.8319271763588959,5,0.12419106974,0.00432856333361251,5,0.06210979422,0.0009120069611738432,5,0.08059156668,0.002224380745371128,5,0.0,0.0,5,0.01073812012,0.003151345930787809,5,0.0,0.0,5,0.93092590304,0.048080675234779754,5,0.8761604677200001,0.011848189449089785,5,1449.0,19.974984355438178,5,1316.6,12.641202474448404,5,1249597.252597148,13359.713092069776,5,0.0,0.0,5,0.003806401343649349,0.7292163217178352,0.0037941530486773033,0.0007994093479659881,0.001949755689360665,0.0,0.0027622764989686842,0.0,0.042144570025790806,0.010385395951236531,17.508845764355797,11.080502515680429,11710.304840434674,0.0
Alabama,0.998,5,DMDCA,0.9340604712600001,0.006247810502313301,5,60.40827259128,0.5513366672243762,5,0.12933976204,0.0034985656553302197,5,0.0666611215,0.0008156624541399978,5,0.05297788002,0.005124894164247234,5,0.00041608875999999995,0.0009304027520335953,5,0.012545559940000001,0.001887624124940432,5,0.0,0.0,5,0.9290252349799999,0.045836172627233496,5,0.8596156524999999,0.014024197168037,5,1449.0,19.974984355438178,5,1353.4,15.725775020646829,5,1713188.4143585232,26468.7463954696,5,393563.9825113148,12388.984026436689,5,0.005476447365534182,0.4832678964295391,0.0030666280065932724,0.0007149596641073252,0.004492167797669524,0.0008155339695999999,0.0016545754968594617,0.0,0.04017717674658042,0.012292750813455582,17.508845764355797,13.78424956245351,23200.87915803324,10859.423298466421
Alabama,0.998,5,MDCA,0.90867031318,0.004342536813289021,5,63.106634688279996,0.8319271763588959,5,0.12419106974,0.00432856333361251,5,0.06210979422,0.0009120069611738432,5,0.08059156668,0.002224380745371128,5,0.0,0.0,5,0.01073812012,0.003151345930787809,5,0.0,0.0,5,0.93092590304,0.048080675234779754,5,0.8761604677200001,0.011848189449089785,5,1449.0,19.974984355438178,5,1316.6,12.641202474448404,5,1249597.252597148,13359.713092069776,5,0.0,0.0,5,0.003806401343649349,0.7292163217178352,0.0037941530486773033,0.0007994093479659881,0.001949755689360665,0.0,0.0027622764989686842,0.0,0.042144570025790806,0.010385395951236531,17.508845764355797,11.080502515680429,11710.304840434674,0.0
Alabama,0.999,1,DMDCA,0.11380903056,0.002350681691272886,5,17.49686271796,0.8668348158583298,5,0.09294564084,0.007372744648141654,5,0.04430129468,0.0022093487745914447,5,0.0,0.0,5,0.0,0.0,5,0.00028725408000000003,0.0003933399049053592,5,0.8859037153599999,0.00197100681887519,5,0.05611259791999999,0.02205084781186015,5,0.04880876568,0.005427297472688561,5,1407.4,14.673104647619724,5,160.2,4.8682645778552365,5,1067302.882938338,68282.25600724838,5,597832.2415438688,34248.25709237377,5,0.002060463349618936,0.7598142168209133,0.006462495619885062,0.0019365795860289932,0.0,0.0,0.00034477762812762093,0.0017276636505992517,0.01932842031017814,0.0047572359845534165,12.861543297753952,4.267222047187142,59852.03630698629,30019.92094001932
Alabama,0.999,1,MDCA,0.0382297505,0.0036628168415165727,5,10.67487357826,0.5087992849054054,5,0.06994071292000001,0.007775578398863451,5,0.02917058902,0.0012485301102493596,5,0.0,0.0,5,0.0,0.0,5,0.0,0.0,5,0.9617702495,0.0036628168415165554,5,0.01004250106,0.0057551656300953696,5,0.01000119434,0.0013784090769893612,5,1407.4,14.673104647619724,5,53.8,5.118593556827891,5,93891.41361248327,33554.24434361351,5,0.0,0.0,5,0.003210600519130755,0.44598223687709343,0.006815594970781158,0.0010943848938013668,0.0,0.0,0.0,0.00321060051913074,0.005044625095700153,0.0012082288276047733,12.861543297753952,4.4866450717657615,29411.591944095384,0.0
Alabama,0.999,2,DMDCA,0.78842256178,0.0071677310785117,5,57.35495286092,1.9111731032076529,5,0.12643984408,0.0034605100270012515,5,0.06383206432,0.0014577232386777026,5,0.0017179604800000002,0.0018036616612535031,5,0.0,0.0,5,0.008809487539999999,0.0022848958266549865,5,0.20104999021999997,0.005987362550312573,5,0.76710036816,0.08587204312462597,5,0.70760090674,0.012755545899271751,5,1407.4,14.673104647619724,5,1109.6,12.720062892926284,5,1662186.2586417783,42934.5706976405,5,443687.3196446216,13472.58086619848,5,0.006282793302908097,1.6752170864122808,0.0030332707776202167,0.0012777507555932813,0.0015809791525254282,0.0,0.002002799496843201,0.005248154670026684,0.07527016451103519,0.011180728946589004,12.861543297753952,11.149626720209074,37633.810516560334,11809.237806479656
Alabama,0.999,2,MDCA,0.6527365731,0.013395123960183816,5,50.74669985382,1.6494148863271292,5,0.11447439833999999,0.001789758975341364,5,0.05520943478,0.0008306359825579293,5,0.0,0.0,5,0.0,0.0,5,0.00399077206,0.0015989719954797154,5,0.34327265485999997,0.013656637923007595,5,0.61739745642,0.10729113861611703,5,0.57503198954,0.006940544180761931,5,1407.4,14.673104647619724,5,918.6,17.487138130637618,5,1026608.2553031134,21664.306629795643,5,0.0,0.0,5,0.011741343834866821,1.4457758930995992,0.0015687929110238346,0.0007280845404502888,0.0,0.0,0.0014015607497963628,0.011970570930059035,0.09404482949696423,0.0060836552068975125,12.861543297753952,15.32815240007745,18989.60202537199,0.0
Alabama,0.999,3,DMDCA,0.92165634526,0.021046828253335738,5,66.43258278073999,0.6147291569285462,5,0.13105593208,0.002480800177960725,5,0.0672620563,0.001427960099265501,5,0.06853869904000001,0.019735545759073093,5,0.0,0.0,5,0.00980495572,0.0016081445746748855,5,0.0,0.0,5,0.95081824784,0.028346712962838284,5,0.8787262590599999,0.0011486577896098397,5,1407.4,14.673104647619724,5,1297.2,35.37230555109463,5,1714560.0474489846,34601.452710939484,5,402061.11986958585,12297.154319072153,5,0.018448358364606975,0.5388338635961991,0.0021745172319133925,0.001251662213637083,0.017298968581015286,0.0,0.0014096008699552478,0.0,0.0248469894324437,0.0010068429449772833,12.861543297753952,31.00519285539117,30329.51054970679,10778.931011002185
Alabama,0.999,3,MDCA,0.89523105538,0.02297419890776463,5,69.0737513172,1.005774659305187,5,0.12469207099999999,0.002635685886631762,5,0.06242518741999999,0.0012324727524901176,5,0.09780522902,0.021386838883325304,5,0.0,0.0,5,0.00696371564,0.0016185320952958498,5,0.0,0.0,5,0.94997566884,0.01773089481965786,5,0.89234153192,0.003561425712009014,5,1407.4,14.673104647619724,5,1260.0,37.1012129181783,5,1242214.8087369758,26233.229446139103,5,0.0,0.0,5,0.020137773230654347,0.8816003592352111,0.002310280541459406,0.001080309999153797,0.01874639082224482,0.0,0.0014187059332279016,0.0,0.015541814558512305,0.0031217272756361553,12.861543297753952,32.52064698003409,22994.439449879144,0.0
Alabama,0.999,4,DMDCA,0.9192226484799999,0.022278525507027084,5,66.19727607308,0.6647144069322529,5,0.13012588862,0.0027530204272216085,5,0.06704335958,0.0013036938030303903,5,0.07025279702000001,0.02009317839153741,5,0.0005734767,0.0012823328847122537,5,0.009951077780000001,0.0024222324094753454,5,0.0,0.0,5,0.93698060376,0.04430338743753067,5,0.8793063566600001,0.0026475832622782254,5,1407.4,14.673104647619724,5,1293.8,37.890632087628205,5,1714279.2344419989,30127.146879807595,5,405874.61627874663,15005.143618019987,5,0.019527988609092804,0.5826478670133981,0.002413128800935507,0.0011427380024451,0.017612447404862952,0.001124014332,0.0021231803193568714,0.0,0.03883363128998089,0.002320709051013548,12.861543297753952,33.2126033908816,26407.60856941722,13152.588287679613
Alabama,0.999,4,MDCA,0.8962205945400001,0.022636824487786086,5,69.13076968586,0.8185885758841881,5,0.1247167978,0.002811597605721119,5,0.06247933538,0.0012669566773110873,5,0.09667232066,0.02104963218478952,5,0.0,0.0,5,0.007107084820000001,0.0016720659077236332,5,0.0,0.0,5,0.9495656234600001,0.012540432270097965,5,0.8931189687,0.003414735380429213,5,1407.4,14.673104647619724,5,1261.4,36.990539331023534,5,1242227.098123361,23945.62119841946,5,0.0,0.0,5,0.019842051512973247,0.7175245229024615,0.0024644739617330847,0.0011105364919658238,0.018450816118890257,0.0,0.001465630388751734,0.0,0.010992173537083053,0.0029931475308388237,12.861543297753952,32.423637303670894,20989.262411145348,0.0
Alabama,0.999,5,DMDCA,0.92281051592,0.019876341593091946,5,66.72670245182,0.9541476678287276,5,0.13080275215999998,0.002218834708529619,5,0.06716237977999999,0.001493161775712782,5,0.0669609437,0.01798999769725045,5,0.00028472998,0.00038991961275736315,5,0.0099438104,0.0017786435749265882,5,0.0,0.0,5,0.94167005128,0.03338671523440635,5,0.8793352852,0.0015342568355676282,5,1407.4,14.673104647619724,5,1298.8,32.84356862461813,5,1708547.585377866,32405.705619944907,5,400017.33675407077,13385.155253467312,5,0.017422381570894742,0.8363473059684662,0.0019448943737303986,0.0013088140029040454,0.015768928244317738,0.0003417796098752564,0.001559049832981404,0.0,0.029264746205347688,0.00134483541107499,12.861543297753952,28.788657210783562,28404.853365017156,11732.605878167404
Alabama,0.999,5,MDCA,0.8962205945400001,0.022636824487786086,5,69.13076968586,0.8185885758841881,5,0.1247167978,0.002811597605721119,5,0.06247933538,0.0012669566773110873,5,0.09667232066,0.02104963218478952,5,0.0,0.0,5,0.007107084820000001,0.0016720659077236332,5,0.0,0.0,5,0.9495656234600001,0.012540432270097965,5,0.8931189687,0.003414735380429213,5,1407.4,14.673104647619724,5,1261.4,36.990539331023534,5,1242227.098123361,23945.62119841946,5,0.0,0.0,5,0.019842051512973247,0.7175245229024615,0.0024644739617330847,0.0011105364919658238,0.018450816118890257,0.0,0.001465630388751734,0.0,0.010992173537083053,0.0029931475308388237,12.861543297753952,32.423637303670894,20989.262411145348,0.0
Arizona,0.996,1,DMDCA,0.29015057534,0.014344770771050862,5,22.06648722644,0.6914261396385274,5,0.12066374608000001,0.005191506392990369,5,0.05826715146,0.002359805990585219,5,0.0,0.0,5,0.0,0.0,5,0.0024758209400000003,0.0009967255501377363,5,0.7073736037,0.01339697727826662,5,0.0755458424,0.024954921128217945,5,0.0740847889,0.005962509221349872,5,1447.6,37.38716357254181,5,419.8,18.102486017119308,5,1397844.9064461025,58208.637474472605,5,534047.6026951196,19158.02372801022,5,0.012573745965762944,0.6060617330635875,0.0045505559905376705,0.002068461150594633,0.0,0.0,0.0008736684653273904,0.011742968339791916,0.0218739528062097,0.0052263697666798,32.77129377977009,15.86752860403913,51022.12034606047,16792.748201190836
Arizona,0.996,1,MDCA,0.1458042009,0.016001998972424682,5,16.1300939401,0.35136306470457274,5,0.09136493813999999,0.005997073977294108,5,0.04152589082,0.0017417469015852316,5,0.0,0.0,5,0.0,0.0,5,0.00014064698,0.0003144962081100534,5,0.8540551521199999,0.016110312582708224,5,0.03799184832,0.01126136736209573,5,0.030503525920000003,0.003632816648667939,5,1447.6,37.38716357254181,5,210.8,21.194338866782328,5,431189.36994965805,27227.462528270822,5,0.0,0.0,5,0.014026370531463559,0.30798330540513597,0.0052566671110952645,0.0015267084728453318,0.0,0.0,0.0002756680808,0.01412131159689267,0.009871023712967466,0.0031843041906760767,32.77129377977009,18.57765711816213,23865.923170672402,0.0
Arizona,0.996,2,DMDCA,0.98666814754,0.004694955925521213,5,45.0502741986,1.9711073028266066,5,0.13649727618000002,0.0009620649329008762,5,0.07049579142,0.000996374603351528,5,0.0,0.0,5,0.0,0.0,5,0.013331852459999998,0.004694955925521211,5,0.0,0.0,5,0.42230812902,0.03949746222946374,5,0.3987631287,0.021765011083049405,5,1447.6,37.38716357254181,5,1428.2,32.3063461258001,5,1797844.3644635088,25523.90281579634,5,415318.68816110014,10598.178066075132,5,0.0041153103155257015,1.7277517286660897,0.0008432870947841722,0.0008733608469061753,0.0,0.0,0.0041153103155257,0.0,0.03462105210965403,0.01907787337059204,32.77129377977009,28.317760928434986,22372.687244909812,9289.71266460937
Arizona,0.996,2,MDCA,0.9891351403599999,0.0033180867501888507,5,49.00666922528,2.2648146852061166,5,0.12762892,0.0016045376356816996,5,0.06496703708,0.0007289587072069721,5,0.0,0.0,5,0.0,0.0,5,0.010864859639999998,0.003318086750188834,5,0.0,0.0,5,0.46132497049999993,0.0399834789075449,5,0.43386387526,0.022555696270265792,5,1447.6,37.38716357254181,5,1431.8,33.618447316912174,5,1336208.3503964934,29382.577262300645,5,0.0,0.0,5,0.002908431271236144,1.9851976002837801,0.0014064392485297003,0.0006389604790652209,0.0,0.0,0.0029084312712361294,0.0,0.035047064511166175,0.019770939494939885,32.77129377977009,29.467868331455524,25754.964524156414,0.0
Arizona,0.996,3,DMDCA,0.9855472066,0.003815180496560971,5,45.156663584360004,1.920700805710063,5,0.13449412766,0.0012604040893348426,5,0.0702906055,0.0009962420335688851,5,0.0,0.0,5,0.0,0.0,5,0.0144527934,0.003815180496560976,5,0.0,0.0,5,0.4218620145,0.03803675049519633,5,0.39851079378,0.01981515027758012,5,1447.6,37.38716357254181,5,1426.6,33.268603818014356,5,1801767.6937052063,32647.41973817168,5,409655.5885479216,10392.694139139692,5,0.00334415315120276,1.6835684858744762,0.0011047928953655988,0.0008732446443682405,0.0,0.0,0.0033441531512027637,0.0,0.03334068182217945,0.017368745017976844,32.77129377977009,29.161216984206945,28616.725131211944,9109.598061276163
Arizona,0.996,3,MDCA,0.98940396352,0.0031078192774906606,5,49.00693608284,2.299411461225714,5,0.12711437646,0.001747103957697921,5,0.0649578516,0.0006614912430753388,5,0.0,0.0,5,0.0,0.0,5,0.01059603648,0.0031078192774906376,5,0.0,0.0,5,0.46113360406000004,0.04034601177906687,5,0.43408756777999996,0.022806729228605934,5,1447.6,37.38716357254181,5,1432.2,34.16430886173467,5,1331893.3872103137,18030.19483971273,5,0.0,0.0,5,0.002724123705171332,2.015523011532785,0.0015314041395632155,0.0005798226393266194,0.0,0.0,0.002724123705171312,0.0,0.03536483858392829,0.01999097958464093,32.77129377977009,29.946337071501777,15804.162593192126,0.0
Arizona,0.996,4,DMDCA,0.9851612918800001,0.005623559291494787,5,45.04922366716001,1.7989947231254884,5,0.13427313359999998,0.0017193104640011426,5,0.07026424812000001,0.0010756809349423964,5,0.0,0.0,5,0.0,0.0,5,0.014838708119999999,0.005623559291494757,5,0.0,0.0,5,0.42452457165999996,0.037747031333774446,5,0.39849966134,0.019412132735470485,5,1447.6,37.38716357254181,5,1426.0,31.51983502494897,5,1795056.0275841437,44503.60890037612,5,413417.8788830004,17545.72535494547,5,0.004929267053702896,1.5768884008922257,0.0015070420681978377,0.000942875911511637,0.0,0.0,0.0049292670537028705,0.0,0.03308673178036461,0.01701548456682629,32.77129377977009,27.62835355210295,39009.13314015982,15379.506366414278
Arizona,0.996,4,MDCA,0.98940396352,0.0031078192774906606,5,49.00693608284,2.299411461225714,5,0.12711437646,0.001747103957697921,5,0.0649578516,0.0006614912430753388,5,0.0,0.0,5,0.0,0.0,5,0.01059603648,0.0031078192774906376,5,0.0,0.0,5,0.46113360406000004,0.04034601177906687,5,0.43408756777999996,0.022806729228605934,5,1447.6,37.38716357254181,5,1432.2,34.16430886173467,5,1331893.3872103137,18030.19483971273,5,0.0,0.0,5,0.002724123705171332,2.015523011532785,0.0015314041395632155,0.0005798226393266194,0.0,0.0,0.002724123705171312,0.0,0.03536483858392829,0.01999097958464093,32.77129377977009,29.946337071501777,15804.162593192126,0.0
Arizona,0.996,5,DMDCA,0.98611057052,0.00445323471306054,5,45.11098818,1.9851479193437398,5,0.13486272861999998,0.0008192843340871164,5,0.07026844098,0.0009403245302295608,5,0.0,0.0,5,0.0,0.0,5,0.013889429479999998,0.004453234713060531,5,0.0,0.0,5,0.42371129774,0.0385978675025922,5,0.39894032538,0.020552140339973914,5,1447.6,37.38716357254181,5,1427.4,32.608281156785964,5,1797194.2471790153,25839.168405023825,5,410913.886217151,11812.856867822185,5,0.0039034323309607337,1.7400588716735896,0.0007181343818564206,0.0008242307916375107,0.0,0.0,0.003903432330960726,0.0,0.03383252256475187,0.018014745290252543,32.77129377977009,28.582418652031564,22649.02971799365,10354.425578250855
Arizona,0.996,5,MDCA,0.98940396352,0.0031078192774906606,5,49.00693608284,2.299411461225714,5,0.12711437646,0.001747103957697921,5,0.0649578516,0.0006614912430753388,5,0.0,0.0,5,0.0,0.0,5,0.01059603648,0.0031078192774906376,5,0.0,0.0,5,0.46113360406000004,0.04034601177906687,5,0.43408756777999996,0.022806729228605934,5,1447.6,37.38716357254181,5,1432.2,34.16430886173467,5,1331893.3872103137,18030.19483971273,5,0.0,0.0,5,0.002724123705171332,2.015523011532785,0.0015314041395632155,0.0005798226393266194,0.0,0.0,0.002724123705171312,0.0,0.03536483858392829,0.01999097958464093,32.77129377977009,29.946337071501777,15804.162593192126,0.0
Arizona,0.998,1,DMDCA,0.18115513534,0.012808228243300072,5,19.69599166742,0.7269271502372848,5,0.10938484480000002,0.005824829930187085,5,0.052689418880000005,0.001434536380364066,5,0.0,0.0,5,0.0,0.0,5,0.00027586533999999997,0.00037774791686874727,5,0.81856899932,0.0126154053954605,5,0.04503989544,0.017941937995563182,5,0.04108928928,0.006306597052134646,5,1418.0,35.90264614203248,5,256.6,13.64917579929279,5,1283488.9111088538,66657.7305813904,5,584928.3395971978,55451.27380453384,5,0.011226907057153858,0.6371797408673423,0.00510568854705928,0.001257426578174694,0.0,0.0,0.0003311106480271637,0.01105789037896318,0.015726802058416915,0.005527976048386958,31.470056879516438,11.96403009023297,58428.07698789535,48605.18452502929
Arizona,0.998,1,MDCA,0.07111497862,0.003788063443645325,5,12.31229451494,0.5894533798071895,5,0.07053400282,0.009815387643159245,5,0.03220383598,0.001994131073725176,5,0.0,0.0,5,0.0,0.0,5,0.00013745704,0.0003073632854259077,5,0.92874756434,0.0037544866184635265,5,0.01084103592,0.004063802872812149,5,0.01111250776,0.0020426792256178195,5,1418.0,35.90264614203248,5,100.8,4.969909455915672,5,184125.2781851904,42758.73465999965,5,0.0,0.0,5,0.0033203840063245724,0.516678668111824,0.008603566606281284,0.0017479329536625018,0.0,0.0,0.0002694157984,0.0032909526214031227,0.0035620802725406238,0.001790487285045565,31.470056879516438,4.356317711095002,37479.68343400114,0.0
Arizona,0.998,2,DMDCA,0.9728230657799999,0.005783227547195654,5,47.48310373988,1.0098245814080367,5,0.13459359056,0.002270709570360281,5,0.0698071031,0.0008995871890964634,5,0.0,0.0,5,0.0,0.0,5,0.01188389274,0.0026476093881117233,5,0.01529304146,0.00463840148242563,5,0.42571389364000006,0.055199788847414166,5,0.40481548308,0.020596709729423072,5,1418.0,35.90264614203248,5,1379.6,41.84853641407309,5,1787225.59346318,16742.684613443507,5,416812.7175288272,11165.941570809942,5,0.005069222450552511,0.885150272476427,0.0019903646949420923,0.0007885229377509986,0.0,0.0,0.002320731951316299,0.0040657381604826855,0.04838474824092951,0.018053812082585944,31.470056879516438,36.68185949485114,14675.610121227794,9787.379318967749
Arizona,0.998,2,MDCA,0.94990674414,0.004250092356304504,5,49.61207679836,0.9860101673269487,5,0.1251082905,0.00359849840934563,5,0.06355944468,0.0010158729468827787,5,0.0,0.0,5,0.0,0.0,5,0.007746228220000001,0.001407272050614576,5,0.04234702762,0.0036283765415154106,5,0.43352060204000004,0.05459064342752587,5,0.41655332812,0.019652959089153273,5,1418.0,35.90264614203248,5,1347.0,36.14553914385564,5,1296362.1595928252,19367.881660616924,5,0.0,0.0,5,0.0037253702043848575,0.8642760181744077,0.0031542229276069035,0.000890451898567307,0.0,0.0,0.0012335283394598086,0.0031804122651592657,0.04785080873864478,0.017226578173088675,31.470056879516438,31.68296198274398,16976.696789537895,0.0
Arizona,0.998,3,DMDCA,0.9874552485400001,0.002102572129619908,5,48.36897434276,1.0384850222770237,5,0.13636195186,0.004180177780128952,5,0.07013920198,0.0010911716701814545,5,0.0,0.0,5,0.0,0.0,5,0.01254475146,0.0021025721296199953,5,0.0,0.0,5,0.44452310808,0.048785932778010604,5,0.41422606516,0.017199925486692233,5,1418.0,35.90264614203248,5,1400.2,34.967127419906824,5,1792319.6933336027,20419.909365125128,5,406499.6491411792,9727.254657965868,5,0.0018429857300952326,0.9102722565433088,0.003664087376365782,0.0009564541396219033,0.0,0.0,0.001842985730095309,0.0,0.04276275551864781,0.015076399417700595,31.470056879516438,30.650038564412927,17898.839730443306,8526.314638667955
Arizona,0.998,3,MDCA,0.99080926932,0.001588220278315976,5,52.26569817006,1.1017376004033472,5,0.12809240589999998,0.0034602180650199063,5,0.06494021794,0.0008388886590268409,5,0.0,0.0,5,0.0,0.0,5,0.00919073068,0.0015882202783160007,5,0.0,0.0,5,0.47703573200000005,0.05272951348248025,5,0.44751655392,0.02112366005574419,5,1418.0,35.90264614203248,5,1405.0,37.181984885156425,5,1342828.9416352038,17881.12446734737,5,0.0,0.0,5,0.0013921364541787976,0.9657155858047984,0.0030330148616600603,0.0007353183303179622,0.0,0.0,0.0013921364541788193,0.0,0.04621945641438845,0.018515704408750472,31.470056879516438,32.591446730699154,15673.496650664387,0.0
Arizona,0.998,4,DMDCA,0.9881315321799999,0.0021019486674063014,5,48.365628087139996,1.0130842191656968,5,0.13427950712,0.003617015019271361,5,0.07021801454000001,0.0009253646641982528,5,0.0,0.0,5,0.0,0.0,5,0.01186846782,0.0021019486674063357,5,0.0,0.0,5,0.44446452381999996,0.048179703765059555,5,0.41422855254,0.018789226923224007,5,1418.0,35.90264614203248,5,1401.2,36.98242825991824,5,1794949.5703239138,18281.240522097138,5,411679.96644037263,6507.281739225796,5,0.0018424392413699498,0.8880074709468229,0.003170453451821562,0.0008111178909044352,0.0,0.0,0.0018424392413699797,0.0,0.04223137235975448,0.016469483548839252,31.470056879516438,32.41652763637708,16024.213836009714,5703.8839325195595
Arizona,0.998,4,MDCA,0.99080926932,0.001588220278315976,5,52.26569817006,1.1017376004033472,5,0.12809240589999998,0.0034602180650199063,5,0.06494021794,0.0008388886590268409,5,0.0,0.0,5,0.0,0.0,5,0.00919073068,0.0015882202783160007,5,0.0,0.0,5,0.47703573200000005,0.05272951348248025,5,0.44751655392,0.02112366005574419,5,1418.0,35.90264614203248,5,1405.0,37.181984885156425,5,1342828.9416352038,17881.12446734737,5,0.0,0.0,5,0.0013921364541787976,0.9657155858047984,0.0030330148616600603,0.0007353183303179622,0.0,0.0,0.0013921364541788193,0.0,0.04621945641438845,0.018515704408750472,31.470056879516438,32.591446730699154,15673.496650664387,0.0
Arizona,0.998,5,DMDCA,0.9857246163,0.0034505429282396514,5,48.25574540224,0.9273422301847857,5,0.13580286020000001,0.0030984194558210435,5,0.07014673069999999,0.0008125517860655129,5,0.0,0.0,5,0.0,0.0,5,0.0142753837,0.0034505429282396375,5,0.0,0.0,5,0.44167321648,0.04589319736041566,5,0.41252377534000007,0.020355101863048584,5,1418.0,35.90264614203248,5,1397.8,37.71869562962112,5,1797255.846608642,18339.37531599612,5,415286.41184276325,9746.237269495265,5,0.003024534230355415,0.8128513039189798,0.0027158843982013135,0.0007122330433214904,0.0,0.0,0.0030245342303554033,0.0,0.0402271611290597,0.017842033450246025,31.470056879516438,33.06189444057917,16075.17122960801,8542.953631297873
Arizona,0.998,5,MDCA,0.99080926932,0.001588220278315976,5,52.26569817006,1.1017376004033472,5,0.12809240589999998,0.0034602180650199063,5,0.06494021794,0.0008388886590268409,5,0.0,0.0,5,0.0,0.0,5,0.00919073068,0.0015882202783160007,5,0.0,0.0,5,0.47703573200000005,0.05272951348248025,5,0.44751655392,0.02112366005574419,5,1418.0,35.90264614203248,5,1405.0,37.181984885156425,5,1342828.9416352038,17881.12446734737,5,0.0,0.0,5,0.0013921364541787976,0.9657155858047984,0.0030330148616600603,0.0007353183303179622,0.0,0.0,0.0013921364541788193,0.0,0.04621945641438845,0.018515704408750472,31.470056879516438,32.591446730699154,15673.496650664387,0.0
Arizona,0.999,1,DMDCA,0.10965457068,0.002948408245481536,5,17.93394379544,0.9494376528304018,5,0.10002219382,0.005559333159106434,5,0.04869949654,0.0025369838284603095,5,0.0,0.0,5,0.0,0.0,5,0.00014306152,0.0003198952836844457,5,0.8902023678000001,0.0031620565031081566,5,0.025375097279999998,0.0034511641005366043,5,0.02416252192,0.0030830164589070457,5,1441.4,35.99722211504662,5,158.0,3.391164991562637,5,1187274.169873948,80015.98629506542,5,649842.777303371,42509.35586077566,5,0.0025843937748285,0.8322187957936366,0.0048729703665056105,0.0022237643729159278,0.0,0.0,0.00028040057919999996,0.0027716647295408844,0.003025078711880252,0.0027023830761238013,31.55295637495797,2.97248717406821,70137.10437984347,37261.09327869399
Arizona,0.999,1,MDCA,0.0305184807,0.004556965999724692,5,10.837686046,0.5821920126027522,5,0.05757378438000001,0.00907402955982839,5,0.02791025896,0.004051104678400364,5,0.0,0.0,5,0.0,0.0,5,0.0,0.0,5,0.9694815193,0.004556965999724687,5,0.0036774446400000002,0.0018593450222813687,5,0.00406079864,0.0008717690922837641,5,1441.4,35.99722211504662,5,44.0,6.7082039324993685,5,107929.69655686477,68888.72507671395,5,0.0,0.0,5,0.003994356812643562,0.5103137991257699,0.007953737594842558,0.00355094981438929,0.0,0.0,0.0,0.003994356812643558,0.0016297877704712245,0.0007641393008036752,31.55295637495797,5.879999999999999,60383.629884692105,0.0
Arizona,0.999,2,DMDCA,0.78523432902,0.01151240247761597,5,45.329339972499994,1.9843955904428154,5,0.1345948762,0.0035996805624225188,5,0.06662982166,0.001199526553705473,5,0.0,0.0,5,0.0,0.0,5,0.009994630760000001,0.003436397137214556,5,0.20477104023999998,0.011179521493377982,5,0.37523265906000003,0.05909365799161497,5,0.33735992915999996,0.013604941935563228,5,1441.4,35.99722211504662,5,1131.8,30.979025162196436,5,1705133.6443785634,23684.700184961435,5,452443.48631468974,7900.651332481545,5,0.010091065693520234,1.7393994263165389,0.003155259130465679,0.001051431382641384,0.0,0.0,0.003012134897826988,0.009799282645924348,0.051797875032882905,0.01192525739915992,31.55295637495797,27.154312806624286,20760.55505898804,6925.226230813586
Arizona,0.999,2,MDCA,0.6393302768,0.013789759505595939,5,40.43357869506,2.4778270915023657,5,0.11750029278,0.005164144775073926,5,0.05645908696,0.001482749992703246,5,0.0,0.0,5,0.0,0.0,5,0.00430749538,0.001875589856787687,5,0.3563622278,0.013880222305968951,5,0.31407168622000003,0.05137191337058568,5,0.26801857834,0.01606082901551106,5,1441.4,35.99722211504662,5,921.6,33.004545141540746,5,1051320.7610791358,36034.019020765685,5,0.0,0.0,5,0.012087257141971472,2.171911206731233,0.004526572474984539,0.0012996876727101358,0.0,0.0,0.0016440269957330544,0.012166551282630538,0.04502946744889708,0.01407793733784403,31.55295637495797,28.929759349154644,31585.210284917368,0.0
Arizona,0.999,3,DMDCA,0.98581231836,0.0031898782019747925,5,56.03773783606,1.86684529911838,5,0.13674658282000002,0.0031939017136109415,5,0.07027867355999999,0.0007997874319640801,5,0.0,0.0,5,0.0,0.0,5,0.01418768164,0.003189878201974808,5,0.0,0.0,5,0.5112314329600001,0.06613941271266445,5,0.4721829129,0.019556109777971377,5,1441.4,35.99722211504662,5,1421.0,38.19031290785662,5,1803472.3488475971,15741.877639762879,5,406061.0523102376,12401.526491681336,5,0.002796051523827692,1.6363620529834133,0.0027995782872741546,0.0007010445936452951,0.0,0.0,0.002796051523827706,0.0,0.05797375134443313,0.01714168600888499,31.55295637495797,33.475285211630386,13798.364130429547,10870.417253984268
Arizona,0.999,3,MDCA,0.9901329354599999,0.0016267590604620741,5,60.45084737564,1.9304872688086518,5,0.12934925088,0.0027220428316662012,5,0.06505518975999999,0.0006871752291971793,5,0.0,0.0,5,0.0,0.0,5,0.009867064540000001,0.0016267590604620561,5,0.0,0.0,5,0.55306961874,0.07043682593492352,5,0.50675113218,0.02049930481205165,5,1441.4,35.99722211504662,5,1427.2,36.81304116749933,5,1369311.4829997702,12174.990622750312,5,0.0,0.0,5,0.0014259171861451,1.6921466989995895,0.002385975741234484,0.0006023356457760452,0.0,0.0,0.0014259171861450842,0.0,0.06174060011664519,0.017968432908084527,31.55295637495797,32.26805330353847,10671.849809893742,0.0
Arizona,0.999,4,DMDCA,0.98541716906,0.002904250059580287,5,56.098599139600005,1.7910815472800226,5,0.13589718658,0.003175454012512448,5,0.07027812254,0.0009531096165331454,5,0.0,0.0,5,0.0,0.0,5,0.014582830940000003,0.0029042500595803083,5,0.0,0.0,5,0.51628182908,0.0686459214965024,5,0.47180019844,0.019263977524399498,5,1441.4,35.99722211504662,5,1420.4,36.651057283521865,5,1813979.924000815,16692.59334285092,5,412973.8956054963,5111.244318662716,5,0.0025456874182967,1.5699521964417444,0.002783408164309702,0.0008354374138901333,0.0,0.0,0.0025456874182967185,0.0,0.06017080316296303,0.016885620798541473,31.55295637495797,32.12606816901192,14631.70318666704,4480.203180486656
Arizona,0.999,4,MDCA,0.98942778972,0.0024420051678637374,5,60.39569970232001,1.9120038883904682,5,0.12878001386,0.0019909667357269597,5,0.0650078209,0.0007540010657532011,5,0.0,0.0,5,0.0,0.0,5,0.010572210280000001,0.002442005167863741,5,0.0,0.0,5,0.5496811418800001,0.07132811456784179,5,0.50635749196,0.020287833008343158,5,1441.4,35.99722211504662,5,1426.2,37.658996269151956,5,1368361.1146456688,12388.976160436057,5,0.0,0.0,5,0.002140511906245648,1.675945301732523,0.0017451592891143256,0.0006609110741475269,0.0,0.0,0.0021405119062456505,0.0,0.06252184904919021,0.017783069699345188,31.55295637495797,33.00956564391602,10859.416403612871,0.0
Arizona,0.999,5,DMDCA,0.9863642371999999,0.0036153125495050767,5,56.07467910716,1.781327053591011,5,0.13630432696,0.0031954025699052193,5,0.07040034753999999,0.0009524343804926653,5,0.0,0.0,5,0.0,0.0,5,0.013635762800000001,0.003615312549505064,5,0.0,0.0,5,0.5149347165,0.06942820904432898,5,0.47177444409999997,0.018357490425545957,5,1441.4,35.99722211504662,5,1421.8,38.460369212996376,5,1824952.5365543508,19848.989051159337,5,419188.6570003659,5154.9797672106315,5,0.0031689611712757584,1.5614020057396534,0.0028008938458199528,0.0008348455434046836,0.0,0.0,0.0031689611712757476,0.0,0.060856508431840636,0.01609104982322634,31.55295637495797,33.71199999999999,17398.4060107922,4518.538991390653
Arizona,0.999,5,MDCA,0.98942778972,0.0024420051678637374,5,60.39569970232001,1.9120038883904682,5,0.12878001386,0.0019909667357269597,5,0.0650078209,0.0007540010657532011,5,0.0,0.0,5,0.0,0.0,5,0.010572210280000001,0.002442005167863741,5,0.0,0.0,5,0.5496811418800001,0.07132811456784179,5,0.50635749196,0.020287833008343158,5,1441.4,35.99722211504662,5,1426.2,37.658996269151956,5,1368361.1146456688,12388.976160436057,5,0.0,0.0,5,0.002140511906245648,1.675945301732523,0.0017451592891143256,0.0006609110741475269,0.0,0.0,0.0021405119062456505,0.0,0.06252184904919021,0.017783069699345188,31.55295637495797,33.00956564391602,10859.416403612871,0.0
