algo,region,time_slots,arrival_rate,mean_service_time,seed,trace_seed,algo_seed,trace_hash,arrivals_per_slot,diversity,p_split,split_reliability_mode,split_recovery_coverage,split_workload_shares,mechanism,fixed_sfc_len,fixed_reliability,max_backup_level,explicit_split_replicas,split_enforce_distinct,strict_split_resource_ablation,split_replica_resource_scale,cap_base_min,cap_base_max,cap_scale,total_arrivals,total_accepted,total_rejected,acceptance_ratio,avg_cost_per_arrival,total_cost,total_cost_resource,avg_cost_per_accepted,final_utilization,avg_utilization_over_time,avg_leftover_capacity_sum_over_time,final_leftover_capacity_sum,final_leftover_capacity_min,final_leftover_capacity_max,final_leftover_capacity_avg,avg_e2e_delay_accepted,p95_e2e_delay_accepted,avg_access_delay_accepted,avg_processing_delay_accepted,avg_network_delay_accepted,avg_split_proc_overhead_accepted,avg_split_net_overhead_accepted,total_transmitted_bits_accepted,avg_transmitted_bits_per_accepted,total_split_transmitted_bits_accepted,avg_split_transmitted_bits_per_accepted,avg_split_overhead_ratio_accepted,p95_split_overhead_ratio_accepted,rga_accepted_total,rga_rejected_total,rga_rejection_ratio,mdca_rejected_total,mdca_capacity_rejected_total,mdca_reliability_rejected_total,mdca_qos_rejected_total,mdca_rejection_ratio,capacity_rejection_ratio,reliability_rejection_ratio,qos_rejected_total,qos_rejection_ratio,method,recovery_coverage,coverage_tag
mdca,Alabama,120,12.0,9.0,1,7107730351518388438,14880128096359974019,b56db0d21b7c94cf1cbfdd4fe281852f506f1185a6b9dd5f9c177f64d601d89e,"[7, 9, 8, 11, 13, 10, 13, 10, 17, 8, 10, 15, 15, 7, 16, 13, 4, 15, 9, 11, 10, 6, 8, 15, 9, 16, 14, 15, 18, 9, 16, 7, 12, 10, 12, 7, 10, 12, 12, 16, 5, 11, 10, 11, 10, 12, 9, 13, 8, 12, 9, 13, 18, 17, 15, 16, 9, 8, 12, 15, 7, 16, 12, 14, 12, 14, 9, 8, 8, 8, 16, 13, 9, 14, 8, 14, 10, 14, 12, 9, 15, 11, 15, 11, 17, 9, 7, 9, 11, 9, 5, 16, 13, 11, 5, 16, 12, 14, 12, 20, 5, 13, 8, 10, 17, 15, 13, 12, 12, 10, 12, 14, 10, 8, 17, 8, 12, 6, 21, 14]",False,,,,,,,0.999,2,False,False,False,1.0,500,700,0.2,1390,898,492,0.6460431655,34.2476122444,47604.1810197264,34023.1810197264,53.0113374384,0.8022430152,0.5873586258,72792.1666666667,34885.4,0.0,1723.8,254.6379562044,0.0557330809,0.1170457023,0.0080758249,0.041195125,0.0064621311,0.0,0.0,945958466.6338863,1053405.8648484258,0.0,0.0,0.0,0.0,907,483,0.3474820144,9,0,0,9,0.0064748201,0.0,0.0,9,0.0064748201,MDCA,none,none
mdca,Alabama,120,12.0,9.0,1,7107730351518388438,1274429512653363058,b56db0d21b7c94cf1cbfdd4fe281852f506f1185a6b9dd5f9c177f64d601d89e,"[7, 9, 8, 11, 13, 10, 13, 10, 17, 8, 10, 15, 15, 7, 16, 13, 4, 15, 9, 11, 10, 6, 8, 15, 9, 16, 14, 15, 18, 9, 16, 7, 12, 10, 12, 7, 10, 12, 12, 16, 5, 11, 10, 11, 10, 12, 9, 13, 8, 12, 9, 13, 18, 17, 15, 16, 9, 8, 12, 15, 7, 16, 12, 14, 12, 14, 9, 8, 8, 8, 16, 13, 9, 14, 8, 14, 10, 14, 12, 9, 15, 11, 15, 11, 17, 9, 7, 9, 11, 9, 5, 16, 13, 11, 5, 16, 12, 14, 12, 20, 5, 13, 8, 10, 17, 15, 13, 12, 12, 10, 12, 14, 10, 8, 17, 8, 12, 6, 21, 14]",True,0.3,identical_active_pool,0.9,"0.5,0.5",,,0.999,2,True,False,False,1.0,500,700,0.2,1390,1044,346,0.7510791367,46.7437452573,64973.8059076858,46784.8059076858,62.2354462717,0.9240344494,0.73633783,46511.4305555556,13400.7333333333,0.1333333333,1206.0,97.8155717762,0.0645532659,0.1308020398,0.0080704916,0.0398551759,0.012715037,6.575831567e-19,0.0,1764326596.3201795,1689968.004138103,475052473.08690095,455031.1044893687,8.651844527e-18,5.037554315e-17,1073,317,0.228057554,29,12,0,17,0.0208633094,0.0086330935,0.0,17,0.0122302158,DMDCA,0.9,0p9
mdca,Alabama,120,12.0,9.0,1,7107730351518388438,1274429512653363058,b56db0d21b7c94cf1cbfdd4fe281852f506f1185a6b9dd5f9c177f64d601d89e,"[7, 9, 8, 11, 13, 10, 13, 10, 17, 8, 10, 15, 15, 7, 16, 13, 4, 15, 9, 11, 10, 6, 8, 15, 9, 16, 14, 15, 18, 9, 16, 7, 12, 10, 12, 7, 10, 12, 12, 16, 5, 11, 10, 11, 10, 12, 9, 13, 8, 12, 9, 13, 18, 17, 15, 16, 9, 8, 12, 15, 7, 16, 12, 14, 12, 14, 9, 8, 8, 8, 16, 13, 9, 14, 8, 14, 10, 14, 12, 9, 15, 11, 15, 11, 17, 9, 7, 9, 11, 9, 5, 16, 13, 11, 5, 16, 12, 14, 12, 20, 5, 13, 8, 10, 17, 15, 13, 12, 12, 10, 12, 14, 10, 8, 17, 8, 12, 6, 21, 14]",True,0.3,identical_active_pool,0.95,"0.5,0.5",,,0.999,2,True,False,False,1.0,500,700,0.2,1390,1058,332,0.7611510791,47.0041573387,65335.7787008072,47047.7787008072,61.7540441406,0.9303400009,0.7410155024,45686.2638888889,12288.4,0.0666666667,1393.6,89.696350365,0.0652387697,0.1297393471,0.0080744034,0.0402957623,0.0129050265,6.505213035e-19,0.0,1795298048.8644357,1696879.0631988996,481311409.6340649,454925.7179906096,8.502833826e-18,4.942319178e-17,1088,302,0.2172661871,30,13,0,17,0.0215827338,0.009352518,0.0,17,0.0122302158,DMDCA,0.95,0p95
mdca,Alabama,120,12.0,9.0,1,7107730351518388438,1274429512653363058,b56db0d21b7c94cf1cbfdd4fe281852f506f1185a6b9dd5f9c177f64d601d89e,"[7, 9, 8, 11, 13, 10, 13, 10, 17, 8, 10, 15, 15, 7, 16, 13, 4, 15, 9, 11, 10, 6, 8, 15, 9, 16, 14, 15, 18, 9, 16, 7, 12, 10, 12, 7, 10, 12, 12, 16, 5, 11, 10, 11, 10, 12, 9, 13, 8, 12, 9, 13, 18, 17, 15, 16, 9, 8, 12, 15, 7, 16, 12, 14, 12, 14, 9, 8, 8, 8, 16, 13, 9, 14, 8, 14, 10, 14, 12, 9, 15, 11, 15, 11, 17, 9, 7, 9, 11, 9, 5, 16, 13, 11, 5, 16, 12, 14, 12, 20, 5, 13, 8, 10, 17, 15, 13, 12, 12, 10, 12, 14, 10, 8, 17, 8, 12, 6, 21, 14]",True,0.3,identical_active_pool,0.99,"0.5,0.5",,,0.999,2,True,False,False,1.0,500,700,0.2,1390,1079,311,0.7762589928,46.7548405926,64989.2284236992,46665.2284236992,60.2309809302,0.909792633,0.7310300119,47447.7583333333,15913.0666666667,1.0,1393.6,116.1537712895,0.0655587877,0.1316158677,0.0080785782,0.040662335,0.0128017035,6.611724092e-19,0.0,1833455253.6363385,1699217.102535995,494944853.84561443,458707.000783702,8.652592946e-18,5.130694636e-17,1103,287,0.2064748201,24,9,0,15,0.0172661871,0.0064748201,0.0,15,0.0107913669,DMDCA,0.99,0p99
mdca,Alabama,120,12.0,9.0,1,7107730351518388438,1274429512653363058,b56db0d21b7c94cf1cbfdd4fe281852f506f1185a6b9dd5f9c177f64d601d89e,"[7, 9, 8, 11, 13, 10, 13, 10, 17, 8, 10, 15, 15, 7, 16, 13, 4, 15, 9, 11, 10, 6, 8, 15, 9, 16, 14, 15, 18, 9, 16, 7, 12, 10, 12, 7, 10, 12, 12, 16, 5, 11, 10, 11, 10, 12, 9, 13, 8, 12, 9, 13, 18, 17, 15, 16, 9, 8, 12, 15, 7, 16, 12, 14, 12, 14, 9, 8, 8, 8, 16, 13, 9, 14, 8, 14, 10, 14, 12, 9, 15, 11, 15, 11, 17, 9, 7, 9, 11, 9, 5, 16, 13, 11, 5, 16, 12, 14, 12, 20, 5, 13, 8, 10, 17, 15, 13, 12, 12, 10, 12, 14, 10, 8, 17, 8, 12, 6, 21, 14]",True,0.3,identical_active_pool,1.0,"0.5,0.5",,,0.999,2,True,False,False,1.0,500,700,0.2,1390,1087,303,0.7820143885,46.4986982385,64633.1905515143,46482.1905515143,59.4601569011,0.9055240561,0.7250526187,48502.2027777778,16666.0666666667,0.0,1562.6,121.6501216545,0.0655270894,0.1311450435,0.0080785263,0.0405922818,0.0128583075,6.483269661e-19,0.0,1873898050.9540694,1723917.2501877362,498428923.3933779,458536.2680711848,8.542996055e-18,4.925495382e-17,1108,282,0.2028776978,21,5,0,16,0.0151079137,0.0035971223,0.0,16,0.0115107914,DMDCA,1.0,1
mdca,Alabama,120,12.0,9.0,2,4521618134406134624,16121394405342853155,7404bdc3256a959c684d62eb3c10d5587d4c6ffb0abc5e614f237785895deb33,"[6, 14, 11, 10, 17, 15, 10, 14, 16, 11, 10, 10, 9, 12, 16, 16, 12, 17, 8, 12, 12, 6, 12, 9, 6, 16, 12, 11, 13, 9, 13, 14, 16, 12, 11, 17, 10, 22, 10, 12, 15, 14, 9, 11, 11, 18, 11, 10, 13, 13, 14, 13, 13, 11, 15, 10, 10, 13, 10, 15, 15, 7, 11, 12, 13, 9, 8, 7, 6, 6, 11, 13, 12, 4, 10, 6, 14, 14, 17, 6, 13, 9, 13, 11, 19, 8, 17, 11, 10, 9, 10, 16, 10, 9, 17, 9, 9, 10, 12, 16, 9, 10, 12, 13, 9, 16, 14, 12, 15, 11, 8, 12, 12, 12, 14, 13, 9, 10, 11, 10]",False,,,,,,,0.999,2,False,False,False,1.0,500,700,0.2,1409,944,465,0.6699787083,32.8627386281,46303.5987269399,32719.5987269399,49.0504223802,0.5481912693,0.5728766477,75044.6333333333,79381.8,0.0,2492.0,579.4291970803,0.0550640786,0.1148411786,0.0081812914,0.0408277305,0.0060550567,0.0,0.0,976301167.527158,1034217.338482159,0.0,0.0,0.0,0.0,949,460,0.3264726757,5,0,0,5,0.003548616,0.0,0.0,5,0.003548616,MDCA,none,none
mdca,Alabama,120,12.0,9.0,2,4521618134406134624,1988428424119012433,7404bdc3256a959c684d62eb3c10d5587d4c6ffb0abc5e614f237785895deb33,"[6, 14, 11, 10, 17, 15, 10, 14, 16, 11, 10, 10, 9, 12, 16, 16, 12, 17, 8, 12, 12, 6, 12, 9, 6, 16, 12, 11, 13, 9, 13, 14, 16, 12, 11, 17, 10, 22, 10, 12, 15, 14, 9, 11, 11, 18, 11, 10, 13, 13, 14, 13, 13, 11, 15, 10, 10, 13, 10, 15, 15, 7, 11, 12, 13, 9, 8, 7, 6, 6, 11, 13, 12, 4, 10, 6, 14, 14, 17, 6, 13, 9, 13, 11, 19, 8, 17, 11, 10, 9, 10, 16, 10, 9, 17, 9, 9, 10, 12, 16, 9, 10, 12, 13, 9, 16, 14, 12, 15, 11, 8, 12, 12, 12, 14, 13, 9, 10, 11, 10]",True,0.3,identical_active_pool,0.9,"0.5,0.5",,,0.999,2,True,False,False,1.0,500,700,0.2,1409,1093,316,0.7757274663,44.6667462924,62935.4455260171,45012.4455260171,57.5804625124,0.7144881723,0.7181629005,49518.1583333333,50163.8,0.4666666667,1833.6,366.1591240876,0.0624862724,0.125272205,0.0081776053,0.0394547335,0.0111822369,5.749346562e-19,0.0,1757452993.0561903,1607916.7365564413,480069292.5162812,439221.676593121,7.77322924e-18,4.899420907e-17,1105,304,0.2157558552,12,3,0,9,0.0085166785,0.0021291696,0.0,9,0.0063875089,DMDCA,0.9,0p9
mdca,Alabama,120,12.0,9.0,2,4521618134406134624,1988428424119012433,7404bdc3256a959c684d62eb3c10d5587d4c6ffb0abc5e614f237785895deb33,"[6, 14, 11, 10, 17, 15, 10, 14, 16, 11, 10, 10, 9, 12, 16, 16, 12, 17, 8, 12, 12, 6, 12, 9, 6, 16, 12, 11, 13, 9, 13, 14, 16, 12, 11, 17, 10, 22, 10, 12, 15, 14, 9, 11, 11, 18, 11, 10, 13, 13, 14, 13, 13, 11, 15, 10, 10, 13, 10, 15, 15, 7, 11, 12, 13, 9, 8, 7, 6, 6, 11, 13, 12, 4, 10, 6, 14, 14, 17, 6, 13, 9, 13, 11, 19, 8, 17, 11, 10, 9, 10, 16, 10, 9, 17, 9, 9, 10, 12, 16, 9, 10, 12, 13, 9, 16, 14, 12, 15, 11, 8, 12, 12, 12, 14, 13, 9, 10, 11, 10]",True,0.3,identical_active_pool,0.95,"0.5,0.5",,,0.999,2,True,False,False,1.0,500,700,0.2,1409,1109,300,0.7870830376,45.1928377407,63676.7083766579,45587.708376658,57.4181319898,0.7048523089,0.7197353922,49241.875,51856.8,0.1333333333,1833.6,378.5167883212,0.0632474969,0.1277888907,0.0081769042,0.0398222621,0.0115144699,5.807178453e-19,0.0,1827110727.466423,1647529.9616469098,497077796.5007833,448221.6379628344,7.782120102e-18,4.935399102e-17,1120,289,0.2051100071,11,3,0,8,0.0078069553,0.0021291696,0.0,8,0.0056777857,DMDCA,0.95,0p95
mdca,Alabama,120,12.0,9.0,2,4521618134406134624,1988428424119012433,7404bdc3256a959c684d62eb3c10d5587d4c6ffb0abc5e614f237785895deb33,"[6, 14, 11, 10, 17, 15, 10, 14, 16, 11, 10, 10, 9, 12, 16, 16, 12, 17, 8, 12, 12, 6, 12, 9, 6, 16, 12, 11, 13, 9, 13, 14, 16, 12, 11, 17, 10, 22, 10, 12, 15, 14, 9, 11, 11, 18, 11, 10, 13, 13, 14, 13, 13, 11, 15, 10, 10, 13, 10, 15, 15, 7, 11, 12, 13, 9, 8, 7, 6, 6, 11, 13, 12, 4, 10, 6, 14, 14, 17, 6, 13, 9, 13, 11, 19, 8, 17, 11, 10, 9, 10, 16, 10, 9, 17, 9, 9, 10, 12, 16, 9, 10, 12, 13, 9, 16, 14, 12, 15, 11, 8, 12, 12, 12, 14, 13, 9, 10, 11, 10]",True,0.3,identical_active_pool,0.99,"0.5,0.5",,,0.999,2,True,False,False,1.0,500,700,0.2,1409,1115,294,0.7913413769,43.8300028162,61756.4739680186,43896.4739680186,55.3869721686,0.6727934746,0.7025510564,52261.125,57489.4666666667,0.0,2080.0,419.6311435523,0.0633222811,0.1266377459,0.0081733192,0.0399077443,0.0114873374,5.79148712e-19,0.0,1818583764.0145462,1631016.8287125975,494666709.98778784,443647.2735316483,7.72627851e-18,4.960619785e-17,1124,285,0.2022711143,9,1,0,8,0.0063875089,0.0007097232,0.0,8,0.0056777857,DMDCA,0.99,0p99
mdca,Alabama,120,12.0,9.0,2,4521618134406134624,1988428424119012433,7404bdc3256a959c684d62eb3c10d5587d4c6ffb0abc5e614f237785895deb33,"[6, 14, 11, 10, 17, 15, 10, 14, 16, 11, 10, 10, 9, 12, 16, 16, 12, 17, 8, 12, 12, 6, 12, 9, 6, 16, 12, 11, 13, 9, 13, 14, 16, 12, 11, 17, 10, 22, 10, 12, 15, 14, 9, 11, 11, 18, 11, 10, 13, 13, 14, 13, 13, 11, 15, 10, 10, 13, 10, 15, 15, 7, 11, 12, 13, 9, 8, 7, 6, 6, 11, 13, 12, 4, 10, 6, 14, 14, 17, 6, 13, 9, 13, 11, 19, 8, 17, 11, 10, 9, 10, 16, 10, 9, 17, 9, 9, 10, 12, 16, 9, 10, 12, 13, 9, 16, 14, 12, 15, 11, 8, 12, 12, 12, 14, 13, 9, 10, 11, 10]",True,0.3,identical_active_pool,1.0,"0.5,0.5",,,0.999,2,True,False,False,1.0,500,700,0.2,1409,1116,293,0.7920511001,43.0179386523,60612.2755610595,42971.2755610595,54.3120748755,0.6759674851,0.6907802298,54329.2333333333,56931.8,1.5333333333,1833.6,415.5605839416,0.0632428112,0.1278474113,0.008176991,0.0399030951,0.0113977475,5.81738585e-19,0.0,1845524308.8425765,1653695.617242452,498226558.75768197,446439.5687792849,7.82652397e-18,5.001926294e-17,1125,284,0.2015613911,9,0,0,9,0.0063875089,0.0,0.0,9,0.0063875089,DMDCA,1.0,1
mdca,Alabama,120,12.0,9.0,3,17898944132975973841,8021305762253439011,bf61d259221c74149048e65e7fb1851e9cd650f207285111a85f27e2ebb5110c,"[11, 15, 15, 10, 9, 12, 16, 12, 18, 8, 13, 9, 14, 14, 19, 9, 12, 9, 14, 17, 12, 12, 9, 13, 9, 10, 10, 14, 13, 12, 11, 16, 21, 11, 7, 10, 9, 10, 14, 11, 12, 11, 12, 12, 9, 10, 11, 11, 9, 13, 9, 12, 8, 18, 14, 10, 8, 14, 7, 8, 10, 9, 12, 10, 12, 10, 7, 6, 6, 14, 11, 6, 12, 15, 15, 18, 6, 15, 16, 10, 9, 10, 12, 15, 8, 9, 13, 11, 8, 12, 15, 15, 8, 8, 10, 8, 13, 11, 9, 12, 15, 14, 23, 7, 14, 9, 11, 12, 6, 14, 14, 13, 8, 8, 14, 13, 13, 14, 18, 11]",False,,,,,,,0.999,2,False,False,False,1.0,500,700,0.2,1395,926,469,0.6637992832,34.4269677022,48025.6199445348,34541.6199445348,51.8635204585,0.5825278363,0.5706423803,74846.9083333333,72775.0,0.0,2044.0,531.204379562,0.0551357447,0.1123400771,0.0079860397,0.0411958977,0.0059538073,0.0,0.0,921016186.4938444,994617.9119803935,0.0,0.0,0.0,0.0,932,463,0.3318996416,6,0,0,6,0.0043010753,0.0,0.0,6,0.0043010753,MDCA,none,none
mdca,Alabama,120,12.0,9.0,3,17898944132975973841,15868857010820782473,bf61d259221c74149048e65e7fb1851e9cd650f207285111a85f27e2ebb5110c,"[11, 15, 15, 10, 9, 12, 16, 12, 18, 8, 13, 9, 14, 14, 19, 9, 12, 9, 14, 17, 12, 12, 9, 13, 9, 10, 10, 14, 13, 12, 11, 16, 21, 11, 7, 10, 9, 10, 14, 11, 12, 11, 12, 12, 9, 10, 11, 11, 9, 13, 9, 12, 8, 18, 14, 10, 8, 14, 7, 8, 10, 9, 12, 10, 12, 10, 7, 6, 6, 14, 11, 6, 12, 15, 15, 18, 6, 15, 16, 10, 9, 10, 12, 15, 8, 9, 13, 11, 8, 12, 15, 15, 8, 8, 10, 8, 13, 11, 9, 12, 15, 14, 23, 7, 14, 9, 11, 12, 6, 14, 14, 13, 8, 8, 14, 13, 13, 14, 18, 11]",True,0.3,identical_active_pool,0.9,"0.5,0.5",,,0.999,2,True,False,False,1.0,500,700,0.2,1395,1085,310,0.7777777778,47.7129546218,66559.5716974545,48386.5716974546,61.3452273709,0.7442831219,0.7167182312,49382.5277777778,44577.3333333333,0.2666666667,1910.4,325.3819951338,0.0631173616,0.1267917138,0.0080176722,0.0395360257,0.0116914916,6.451252742e-19,0.0,1755485523.9132357,1617959.0082149638,478092251.9709383,440638.0202497127,8.805397461e-18,5.650420331e-17,1102,293,0.2100358423,17,8,0,9,0.0121863799,0.005734767,0.0,9,0.0064516129,DMDCA,0.9,0p9
mdca,Alabama,120,12.0,9.0,3,17898944132975973841,15868857010820782473,bf61d259221c74149048e65e7fb1851e9cd650f207285111a85f27e2ebb5110c,"[11, 15, 15, 10, 9, 12, 16, 12, 18, 8, 13, 9, 14, 14, 19, 9, 12, 9, 14, 17, 12, 12, 9, 13, 9, 10, 10, 14, 13, 12, 11, 16, 21, 11, 7, 10, 9, 10, 14, 11, 12, 11, 12, 12, 9, 10, 11, 11, 9, 13, 9, 12, 8, 18, 14, 10, 8, 14, 7, 8, 10, 9, 12, 10, 12, 10, 7, 6, 6, 14, 11, 6, 12, 15, 15, 18, 6, 15, 16, 10, 9, 10, 12, 15, 8, 9, 13, 11, 8, 12, 15, 15, 8, 8, 10, 8, 13, 11, 9, 12, 15, 14, 23, 7, 14, 9, 11, 12, 6, 14, 14, 13, 8, 8, 14, 13, 13, 14, 18, 11]",True,0.3,identical_active_pool,0.95,"0.5,0.5",,,0.999,2,True,False,False,1.0,500,700,0.2,1395,1094,301,0.7842293907,47.4831113302,66238.9403056822,48100.9403056822,60.5474774275,0.7454705728,0.7177182108,49208.2083333334,44370.3333333333,0.0,1910.4,323.8710462287,0.0630333226,0.1236300709,0.0080193983,0.0396850836,0.011425889,6.342681813e-19,0.0,1760214603.771148,1608971.30143615,481696765.7492634,440307.829752526,8.65337571e-18,5.269403037e-17,1114,281,0.2014336918,20,10,0,10,0.0143369176,0.0071684588,0.0,10,0.0071684588,DMDCA,0.95,0p95
mdca,Alabama,120,12.0,9.0,3,17898944132975973841,15868857010820782473,bf61d259221c74149048e65e7fb1851e9cd650f207285111a85f27e2ebb5110c,"[11, 15, 15, 10, 9, 12, 16, 12, 18, 8, 13, 9, 14, 14, 19, 9, 12, 9, 14, 17, 12, 12, 9, 13, 9, 10, 10, 14, 13, 12, 11, 16, 21, 11, 7, 10, 9, 10, 14, 11, 12, 11, 12, 12, 9, 10, 11, 11, 9, 13, 9, 12, 8, 18, 14, 10, 8, 14, 7, 8, 10, 9, 12, 10, 12, 10, 7, 6, 6, 14, 11, 6, 12, 15, 15, 18, 6, 15, 16, 10, 9, 10, 12, 15, 8, 9, 13, 11, 8, 12, 15, 15, 8, 8, 10, 8, 13, 11, 9, 12, 15, 14, 23, 7, 14, 9, 11, 12, 6, 14, 14, 13, 8, 8, 14, 13, 13, 14, 18, 11]",True,0.3,identical_active_pool,0.99,"0.5,0.5",,,0.999,2,True,False,False,1.0,500,700,0.2,1395,1108,287,0.794265233,47.097306462,65700.7425145301,47645.7425145301,59.2966990203,0.7551269769,0.7086385618,50791.0,42687.0,0.0,1910.4,311.5839416058,0.0637718937,0.1234298736,0.0080249576,0.0397617335,0.0120343926,6.536525733e-19,0.0,1822413491.9468794,1644777.5198076528,496123085.89929765,447764.5179596549,8.788280212e-18,5.54211292e-17,1126,269,0.1928315412,18,8,0,10,0.0129032258,0.005734767,0.0,10,0.0071684588,DMDCA,0.99,0p99
mdca,Alabama,120,12.0,9.0,3,17898944132975973841,15868857010820782473,bf61d259221c74149048e65e7fb1851e9cd650f207285111a85f27e2ebb5110c,"[11, 15, 15, 10, 9, 12, 16, 12, 18, 8, 13, 9, 14, 14, 19, 9, 12, 9, 14, 17, 12, 12, 9, 13, 9, 10, 10, 14, 13, 12, 11, 16, 21, 11, 7, 10, 9, 10, 14, 11, 12, 11, 12, 12, 9, 10, 11, 11, 9, 13, 9, 12, 8, 18, 14, 10, 8, 14, 7, 8, 10, 9, 12, 10, 12, 10, 7, 6, 6, 14, 11, 6, 12, 15, 15, 18, 6, 15, 16, 10, 9, 10, 12, 15, 8, 9, 13, 11, 8, 12, 15, 15, 8, 8, 10, 8, 13, 11, 9, 12, 15, 14, 23, 7, 14, 9, 11, 12, 6, 14, 14, 13, 8, 8, 14, 13, 13, 14, 18, 11]",True,0.3,identical_active_pool,1.0,"0.5,0.5",,,0.999,2,True,False,False,1.0,500,700,0.2,1395,1115,280,0.7992831541,46.5699487238,64965.0784696887,47079.0784696887,58.2646443674,0.7431320021,0.7009875346,52124.75,44778.0,0.0,1910.4,326.8467153285,0.0632774522,0.1236440584,0.0080259206,0.0397620435,0.0115439947,6.573279539e-19,0.0,1827656735.9236763,1639154.023249934,492643785.25088465,441832.9912563988,8.828593732e-18,5.46995967e-17,1129,266,0.1906810036,14,5,0,9,0.0100358423,0.0035842294,0.0,9,0.0064516129,DMDCA,1.0,1
mdca,Alabama,120,12.0,9.0,4,3231205637118540362,16336488235466383848,6c0c7e32fc521a83cd61c5d1ea84c5be7a21379cba43238204f84183943fd924,"[8, 14, 13, 10, 13, 9, 17, 9, 15, 15, 12, 10, 12, 12, 15, 16, 12, 14, 6, 14, 7, 9, 13, 14, 10, 15, 14, 11, 16, 12, 11, 13, 16, 11, 18, 12, 6, 7, 13, 11, 13, 13, 15, 5, 14, 13, 11, 14, 13, 9, 12, 7, 6, 7, 11, 10, 18, 15, 15, 10, 18, 12, 19, 9, 13, 20, 18, 8, 10, 13, 9, 10, 6, 12, 4, 14, 14, 9, 14, 4, 16, 9, 17, 10, 17, 9, 14, 12, 12, 11, 12, 11, 15, 13, 12, 11, 10, 10, 14, 10, 16, 12, 8, 17, 10, 10, 9, 9, 6, 7, 18, 13, 13, 10, 10, 12, 7, 11, 13, 12]",False,,,,,,,0.999,2,False,False,False,1.0,500,700,0.2,1420,916,504,0.6450704225,31.9830707642,45415.9604851102,31840.9604851102,49.5807428877,0.6131402015,0.5719060479,73821.2916666667,66710.8,0.8,2204.0,486.9401459854,0.0561554677,0.1133016497,0.0080642471,0.0422418019,0.0058494187,0.0,0.0,933655001.2843994,1019274.0188694317,0.0,0.0,0.0,0.0,921,499,0.3514084507,5,0,0,5,0.0035211268,0.0,0.0,5,0.0035211268,MDCA,none,none
mdca,Alabama,120,12.0,9.0,4,3231205637118540362,4574233998141395180,6c0c7e32fc521a83cd61c5d1ea84c5be7a21379cba43238204f84183943fd924,"[8, 14, 13, 10, 13, 9, 17, 9, 15, 15, 12, 10, 12, 12, 15, 16, 12, 14, 6, 14, 7, 9, 13, 14, 10, 15, 14, 11, 16, 12, 11, 13, 16, 11, 18, 12, 6, 7, 13, 11, 13, 13, 15, 5, 14, 13, 11, 14, 13, 9, 12, 7, 6, 7, 11, 10, 18, 15, 15, 10, 18, 12, 19, 9, 13, 20, 18, 8, 10, 13, 9, 10, 6, 12, 4, 14, 14, 9, 14, 4, 16, 9, 17, 10, 17, 9, 14, 12, 12, 11, 12, 11, 15, 13, 12, 11, 10, 10, 14, 10, 16, 12, 8, 17, 10, 10, 9, 9, 6, 7, 18, 13, 13, 10, 10, 12, 7, 11, 13, 12]",True,0.3,identical_active_pool,0.9,"0.5,0.5",,,0.999,2,True,False,False,1.0,500,700,0.2,1420,1076,344,0.7577464789,45.7921908239,65024.9109699236,46461.9109699236,60.4320733921,0.7749455179,0.7341245149,45848.0472222222,38808.8,0.2,2204.0,283.2759124088,0.0643209171,0.1270983797,0.0080551449,0.0403902396,0.0117808957,6.775255955e-19,0.0,1789177707.8541722,1662804.5612027622,490525399.34116447,455878.6239230153,8.640166013e-18,5.597809177e-17,1091,329,0.2316901408,15,3,0,12,0.0105633803,0.0021126761,0.0,12,0.0084507042,DMDCA,0.9,0p9
mdca,Alabama,120,12.0,9.0,4,3231205637118540362,4574233998141395180,6c0c7e32fc521a83cd61c5d1ea84c5be7a21379cba43238204f84183943fd924,"[8, 14, 13, 10, 13, 9, 17, 9, 15, 15, 12, 10, 12, 12, 15, 16, 12, 14, 6, 14, 7, 9, 13, 14, 10, 15, 14, 11, 16, 12, 11, 13, 16, 11, 18, 12, 6, 7, 13, 11, 13, 13, 15, 5, 14, 13, 11, 14, 13, 9, 12, 7, 6, 7, 11, 10, 18, 15, 15, 10, 18, 12, 19, 9, 13, 20, 18, 8, 10, 13, 9, 10, 6, 12, 4, 14, 14, 9, 14, 4, 16, 9, 17, 10, 17, 9, 14, 12, 12, 11, 12, 11, 15, 13, 12, 11, 10, 10, 14, 10, 16, 12, 8, 17, 10, 10, 9, 9, 6, 7, 18, 13, 13, 10, 10, 12, 7, 11, 13, 12]",True,0.3,identical_active_pool,0.95,"0.5,0.5",,,0.999,2,True,False,False,1.0,500,700,0.2,1420,1096,324,0.7718309859,46.4812955719,66003.4397120644,47276.4397120643,60.2221165256,0.8279817693,0.7350583405,45687.0166666667,29663.1333333333,0.0,2204.0,216.5192214112,0.0646046171,0.1257302855,0.0080476864,0.0405577457,0.0118896547,6.821768414e-19,0.0,1836561539.2336268,1675694.835067178,497323826.8800019,453762.6157664251,8.691490488e-18,5.775907331e-17,1111,309,0.2176056338,15,3,0,12,0.0105633803,0.0021126761,0.0,12,0.0084507042,DMDCA,0.95,0p95
mdca,Alabama,120,12.0,9.0,4,3231205637118540362,4574233998141395180,6c0c7e32fc521a83cd61c5d1ea84c5be7a21379cba43238204f84183943fd924,"[8, 14, 13, 10, 13, 9, 17, 9, 15, 15, 12, 10, 12, 12, 15, 16, 12, 14, 6, 14, 7, 9, 13, 14, 10, 15, 14, 11, 16, 12, 11, 13, 16, 11, 18, 12, 6, 7, 13, 11, 13, 13, 15, 5, 14, 13, 11, 14, 13, 9, 12, 7, 6, 7, 11, 10, 18, 15, 15, 10, 18, 12, 19, 9, 13, 20, 18, 8, 10, 13, 9, 10, 6, 12, 4, 14, 14, 9, 14, 4, 16, 9, 17, 10, 17, 9, 14, 12, 12, 11, 12, 11, 15, 13, 12, 11, 10, 10, 14, 10, 16, 12, 8, 17, 10, 10, 9, 9, 6, 7, 18, 13, 13, 10, 10, 12, 7, 11, 13, 12]",True,0.3,identical_active_pool,0.99,"0.5,0.5",,,0.999,2,True,False,False,1.0,500,700,0.2,1420,1112,308,0.7830985915,45.8092089584,65049.0767208878,46418.0767208878,58.4973711519,0.792259572,0.7240515995,47585.0388888889,35823.1333333333,0.2,2204.0,261.4827250608,0.0650987634,0.1277855241,0.0080459118,0.0408173803,0.0121150274,6.622213269e-19,0.0,1872763328.6117697,1684139.68400339,507997999.2946137,456832.7331786095,8.503282348e-18,5.537204349e-17,1128,292,0.2056338028,16,2,0,14,0.0112676056,0.0014084507,0.0,14,0.0098591549,DMDCA,0.99,0p99
mdca,Alabama,120,12.0,9.0,4,3231205637118540362,4574233998141395180,6c0c7e32fc521a83cd61c5d1ea84c5be7a21379cba43238204f84183943fd924,"[8, 14, 13, 10, 13, 9, 17, 9, 15, 15, 12, 10, 12, 12, 15, 16, 12, 14, 6, 14, 7, 9, 13, 14, 10, 15, 14, 11, 16, 12, 11, 13, 16, 11, 18, 12, 6, 7, 13, 11, 13, 13, 15, 5, 14, 13, 11, 14, 13, 9, 12, 7, 6, 7, 11, 10, 18, 15, 15, 10, 18, 12, 19, 9, 13, 20, 18, 8, 10, 13, 9, 10, 6, 12, 4, 14, 14, 9, 14, 4, 16, 9, 17, 10, 17, 9, 14, 12, 12, 11, 12, 11, 15, 13, 12, 11, 10, 10, 14, 10, 16, 12, 8, 17, 10, 10, 9, 9, 6, 7, 18, 13, 13, 10, 10, 12, 7, 11, 13, 12]",True,0.3,identical_active_pool,1.0,"0.5,0.5",,,0.999,2,True,False,False,1.0,500,700,0.2,1420,1113,307,0.7838028169,44.7983730021,63613.6896629575,45231.6896629575,57.1551569299,0.779762602,0.7115106372,49747.625,37978.1333333333,0.0,2204.0,277.2126520681,0.0651089044,0.127068576,0.0080452685,0.0409018438,0.0120214204,6.678607452e-19,0.0,1872584089.7895138,1682465.489478449,500210642.7303408,449425.5550137833,8.627900365e-18,5.827875809e-17,1129,291,0.2049295775,16,2,0,14,0.0112676056,0.0014084507,0.0,14,0.0098591549,DMDCA,1.0,1
mdca,Alabama,120,12.0,9.0,5,2423446912683703478,10056931585136477576,242807615d01f26b618bf2474c8c191b5431614999303085f85b6b1352045e68,"[13, 19, 12, 12, 6, 12, 10, 7, 9, 12, 14, 7, 14, 11, 15, 13, 11, 13, 13, 11, 15, 12, 11, 14, 14, 14, 12, 10, 15, 8, 12, 8, 13, 14, 8, 10, 15, 16, 14, 15, 11, 9, 16, 15, 16, 18, 15, 13, 7, 10, 9, 10, 11, 16, 9, 9, 10, 8, 9, 11, 13, 15, 9, 14, 10, 13, 9, 17, 8, 24, 17, 8, 6, 5, 12, 12, 9, 11, 18, 10, 13, 13, 13, 13, 6, 14, 6, 11, 11, 8, 14, 11, 19, 8, 12, 14, 17, 11, 14, 11, 8, 22, 10, 14, 18, 10, 7, 8, 9, 8, 8, 16, 16, 13, 7, 11, 18, 8, 11, 6]",False,,,,,,,0.999,2,False,False,False,1.0,500,700,0.2,1423,909,514,0.638791286,32.084874054,45656.7757787736,32318.7757787736,50.2274761043,0.5408849598,0.572376246,74830.3083333333,80341.0,0.0,2134.4,586.4306569343,0.053958802,0.114843384,0.0081606564,0.0397456914,0.0060524542,0.0,0.0,937657263.3826573,1031526.1423351566,0.0,0.0,0.0,0.0,912,511,0.3591004919,3,0,0,3,0.0021082221,0.0,0.0,3,0.0021082221,MDCA,none,none
mdca,Alabama,120,12.0,9.0,5,2423446912683703478,6041356402655296302,242807615d01f26b618bf2474c8c191b5431614999303085f85b6b1352045e68,"[13, 19, 12, 12, 6, 12, 10, 7, 9, 12, 14, 7, 14, 11, 15, 13, 11, 13, 13, 11, 15, 12, 11, 14, 14, 14, 12, 10, 15, 8, 12, 8, 13, 14, 8, 10, 15, 16, 14, 15, 11, 9, 16, 15, 16, 18, 15, 13, 7, 10, 9, 10, 11, 16, 9, 9, 10, 8, 9, 11, 13, 15, 9, 14, 10, 13, 9, 17, 8, 24, 17, 8, 6, 5, 12, 12, 9, 11, 18, 10, 13, 13, 13, 13, 6, 14, 6, 11, 11, 8, 14, 11, 19, 8, 12, 14, 17, 11, 14, 11, 8, 22, 10, 14, 18, 10, 7, 8, 9, 8, 8, 16, 16, 13, 7, 11, 18, 8, 11, 6]",True,0.3,identical_active_pool,0.9,"0.5,0.5",,,0.999,2,True,False,False,1.0,500,700,0.2,1423,1083,340,0.7610681658,45.9558686715,65395.2011195354,47180.2011195354,60.3833805351,0.6547174807,0.7182092381,49310.8472222222,60421.3333333333,1.3333333333,2105.6,441.0316301703,0.0611693153,0.1210596606,0.0080988643,0.0385473958,0.0111317143,4.577075099e-19,0.0,1701853090.4755535,1571424.8296173164,450624149.048853,416088.7802851828,6.336843341e-18,4.183849123e-17,1094,329,0.2312016866,11,0,0,11,0.0077301476,0.0,0.0,11,0.0077301476,DMDCA,0.9,0p9
mdca,Alabama,120,12.0,9.0,5,2423446912683703478,6041356402655296302,242807615d01f26b618bf2474c8c191b5431614999303085f85b6b1352045e68,"[13, 19, 12, 12, 6, 12, 10, 7, 9, 12, 14, 7, 14, 11, 15, 13, 11, 13, 13, 11, 15, 12, 11, 14, 14, 14, 12, 10, 15, 8, 12, 8, 13, 14, 8, 10, 15, 16, 14, 15, 11, 9, 16, 15, 16, 18, 15, 13, 7, 10, 9, 10, 11, 16, 9, 9, 10, 8, 9, 11, 13, 15, 9, 14, 10, 13, 9, 17, 8, 24, 17, 8, 6, 5, 12, 12, 9, 11, 18, 10, 13, 13, 13, 13, 6, 14, 6, 11, 11, 8, 14, 11, 19, 8, 12, 14, 17, 11, 14, 11, 8, 22, 10, 14, 18, 10, 7, 8, 9, 8, 8, 16, 16, 13, 7, 11, 18, 8, 11, 6]",True,0.3,identical_active_pool,0.95,"0.5,0.5",,,0.999,2,True,False,False,1.0,500,700,0.2,1423,1095,328,0.7695010541,45.8975306462,65312.1861094814,47078.1861094814,59.6458320635,0.6889230494,0.7181558861,49320.1833333333,54435.6666666667,0.3333333333,2134.4,397.3406326034,0.0617555229,0.1247076773,0.0080974997,0.0387584376,0.0114824862,4.590284266e-19,0.0,1737443284.2468712,1586706.195659243,463377240.1943061,423175.5618212841,6.390751074e-18,4.372727153e-17,1105,318,0.223471539,10,0,0,10,0.0070274069,0.0,0.0,10,0.0070274069,DMDCA,0.95,0p95
mdca,Alabama,120,12.0,9.0,5,2423446912683703478,6041356402655296302,242807615d01f26b618bf2474c8c191b5431614999303085f85b6b1352045e68,"[13, 19, 12, 12, 6, 12, 10, 7, 9, 12, 14, 7, 14, 11, 15, 13, 11, 13, 13, 11, 15, 12, 11, 14, 14, 14, 12, 10, 15, 8, 12, 8, 13, 14, 8, 10, 15, 16, 14, 15, 11, 9, 16, 15, 16, 18, 15, 13, 7, 10, 9, 10, 11, 16, 9, 9, 10, 8, 9, 11, 13, 15, 9, 14, 10, 13, 9, 17, 8, 24, 17, 8, 6, 5, 12, 12, 9, 11, 18, 10, 13, 13, 13, 13, 6, 14, 6, 11, 11, 8, 14, 11, 19, 8, 12, 14, 17, 11, 14, 11, 8, 22, 10, 14, 18, 10, 7, 8, 9, 8, 8, 16, 16, 13, 7, 11, 18, 8, 11, 6]",True,0.3,identical_active_pool,0.99,"0.5,0.5",,,0.999,2,True,False,False,1.0,500,700,0.2,1423,1114,309,0.7828531272,45.9822427269,65432.7314003725,47213.7314003725,58.7367427292,0.7512253011,0.7205849158,48895.125,43533.3333333333,0.0,1968.0,317.7615571776,0.0618268605,0.1233024402,0.0080929937,0.0387715082,0.0115420176,4.823434441e-19,0.0,1802690578.3203468,1618214.163662789,473727297.60296863,425248.9206489844,6.607909144e-18,4.438493829e-17,1127,296,0.2080112439,13,0,0,13,0.009135629,0.0,0.0,13,0.009135629,DMDCA,0.99,0p99
mdca,Alabama,120,12.0,9.0,5,2423446912683703478,6041356402655296302,242807615d01f26b618bf2474c8c191b5431614999303085f85b6b1352045e68,"[13, 19, 12, 12, 6, 12, 10, 7, 9, 12, 14, 7, 14, 11, 15, 13, 11, 13, 13, 11, 15, 12, 11, 14, 14, 14, 12, 10, 15, 8, 12, 8, 13, 14, 8, 10, 15, 16, 14, 15, 11, 9, 16, 15, 16, 18, 15, 13, 7, 10, 9, 10, 11, 16, 9, 9, 10, 8, 9, 11, 13, 15, 9, 14, 10, 13, 9, 17, 8, 24, 17, 8, 6, 5, 12, 12, 9, 11, 18, 10, 13, 13, 13, 13, 6, 14, 6, 11, 11, 8, 14, 11, 19, 8, 12, 14, 17, 11, 14, 11, 8, 22, 10, 14, 18, 10, 7, 8, 9, 8, 8, 16, 16, 13, 7, 11, 18, 8, 11, 6]",True,0.3,identical_active_pool,1.0,"0.5,0.5",,,0.999,2,True,False,False,1.0,500,700,0.2,1423,1117,306,0.7849613493,45.2002184011,64319.9107847037,46274.9107847037,57.5827312307,0.7311156955,0.7096735134,50804.5222222222,47052.3333333333,0.4,1968.0,343.4476885645,0.0620040644,0.1224941312,0.0080933498,0.0388196218,0.0116656454,4.837657679e-19,0.0,1800267685.8772073,1611698.9130503198,471599874.26944375,422202.2151024563,6.611254284e-18,4.335028148e-17,1131,292,0.2052002811,14,0,0,14,0.0098383696,0.0,0.0,14,0.0098383696,DMDCA,1.0,1
mdca,Arizona,120,12.0,9.0,1,16840283913898114547,3737587677167370884,6aa26bd8bed79c36458fd5348c96cb321c8416776732e223d147a84ab3c5a430,"[21, 13, 18, 12, 13, 8, 10, 12, 9, 13, 9, 13, 15, 11, 15, 13, 10, 12, 9, 11, 16, 14, 15, 11, 12, 17, 16, 10, 7, 7, 13, 7, 14, 12, 11, 12, 12, 8, 14, 11, 10, 13, 11, 12, 8, 14, 14, 16, 13, 10, 8, 10, 15, 11, 10, 8, 13, 11, 13, 10, 11, 16, 17, 10, 9, 10, 8, 16, 14, 11, 10, 16, 9, 19, 11, 9, 13, 10, 12, 16, 10, 14, 13, 11, 12, 12, 17, 13, 14, 8, 12, 12, 10, 17, 9, 14, 11, 13, 12, 12, 15, 10, 8, 11, 13, 14, 16, 11, 14, 12, 11, 14, 11, 15, 13, 7, 9, 17, 14, 11]",False,,,,,,,0.999,2,False,False,False,1.0,500,700,0.2,1455,934,521,0.6419243986,26.8868558572,39120.3752721586,24773.3752721586,41.8847700987,0.3022103493,0.278500276,272350.8499999999,263400.8,2.2,2198.4,838.8560509554,0.0590134269,0.1257685497,0.0080493788,0.0433690036,0.0075950445,0.0,0.0,1030636098.5093992,1103464.7735646672,0.0,0.0,0.0,0.0,944,511,0.3512027491,10,0,0,10,0.0068728522,0.0,0.0,10,0.0068728522,MDCA,none,none
mdca,Arizona,120,12.0,9.0,1,16840283913898114547,9475761514817476165,6aa26bd8bed79c36458fd5348c96cb321c8416776732e223d147a84ab3c5a430,"[21, 13, 18, 12, 13, 8, 10, 12, 9, 13, 9, 13, 15, 11, 15, 13, 10, 12, 9, 11, 16, 14, 15, 11, 12, 17, 16, 10, 7, 7, 13, 7, 14, 12, 11, 12, 12, 8, 14, 11, 10, 13, 11, 12, 8, 14, 14, 16, 13, 10, 8, 10, 15, 11, 10, 8, 13, 11, 13, 10, 11, 16, 17, 10, 9, 10, 8, 16, 14, 11, 10, 16, 9, 19, 11, 9, 13, 10, 12, 16, 10, 14, 13, 11, 12, 12, 17, 13, 14, 8, 12, 12, 10, 17, 9, 14, 11, 13, 12, 12, 15, 10, 8, 11, 13, 14, 16, 11, 14, 12, 11, 14, 11, 15, 13, 7, 9, 17, 14, 11]",True,0.3,identical_active_pool,0.9,"0.5,0.5",,,0.999,2,True,False,False,1.0,500,700,0.2,1455,1123,332,0.7718213058,37.6953760404,54846.7721387274,35121.7721387274,48.8395121449,0.3993831353,0.3604974269,241398.6638888889,226720.1333333334,0.4,2198.4,722.038641189,0.0678748663,0.1372269287,0.0080777228,0.0416484884,0.0141617159,6.997593363e-19,0.0,1928637311.7593844,1717397.4281027466,503521446.5646076,448371.7244564627,8.801957374e-18,5.30710448e-17,1138,317,0.2178694158,15,0,0,15,0.0103092784,0.0,0.0,15,0.0103092784,DMDCA,0.9,0p9
mdca,Arizona,120,12.0,9.0,1,16840283913898114547,9475761514817476165,6aa26bd8bed79c36458fd5348c96cb321c8416776732e223d147a84ab3c5a430,"[21, 13, 18, 12, 13, 8, 10, 12, 9, 13, 9, 13, 15, 11, 15, 13, 10, 12, 9, 11, 16, 14, 15, 11, 12, 17, 16, 10, 7, 7, 13, 7, 14, 12, 11, 12, 12, 8, 14, 11, 10, 13, 11, 12, 8, 14, 14, 16, 13, 10, 8, 10, 15, 11, 10, 8, 13, 11, 13, 10, 11, 16, 17, 10, 9, 10, 8, 16, 14, 11, 10, 16, 9, 19, 11, 9, 13, 10, 12, 16, 10, 14, 13, 11, 12, 12, 17, 13, 14, 8, 12, 12, 10, 17, 9, 14, 11, 13, 12, 12, 15, 10, 8, 11, 13, 14, 16, 11, 14, 12, 11, 14, 11, 15, 13, 7, 9, 17, 14, 11]",True,0.3,identical_active_pool,0.95,"0.5,0.5",,,0.999,2,True,False,False,1.0,500,700,0.2,1455,1135,320,0.7800687285,37.688905177,54837.3570325934,35123.3570325934,48.3148520111,0.3843191547,0.361056671,241187.5611111111,232406.4666666667,0.0,2198.4,740.1479830149,0.0677852109,0.1375021609,0.0080759773,0.0414779643,0.0142244774,7.080270046e-19,0.0,1947010155.4364722,1715427.449723764,503724516.192439,443810.1464250564,8.815727439e-18,5.617011257e-17,1155,300,0.206185567,20,0,0,20,0.0137457045,0.0,0.0,20,0.0137457045,DMDCA,0.95,0p95
mdca,Arizona,120,12.0,9.0,1,16840283913898114547,9475761514817476165,6aa26bd8bed79c36458fd5348c96cb321c8416776732e223d147a84ab3c5a430,"[21, 13, 18, 12, 13, 8, 10, 12, 9, 13, 9, 13, 15, 11, 15, 13, 10, 12, 9, 11, 16, 14, 15, 11, 12, 17, 16, 10, 7, 7, 13, 7, 14, 12, 11, 12, 12, 8, 14, 11, 10, 13, 11, 12, 8, 14, 14, 16, 13, 10, 8, 10, 15, 11, 10, 8, 13, 11, 13, 10, 11, 16, 17, 10, 9, 10, 8, 16, 14, 11, 10, 16, 9, 19, 11, 9, 13, 10, 12, 16, 10, 14, 13, 11, 12, 12, 17, 13, 14, 8, 12, 12, 10, 17, 9, 14, 11, 13, 12, 12, 15, 10, 8, 11, 13, 14, 16, 11, 14, 12, 11, 14, 11, 15, 13, 7, 9, 17, 14, 11]",True,0.3,identical_active_pool,0.99,"0.5,0.5",,,0.999,2,True,False,False,1.0,500,700,0.2,1455,1148,307,0.7890034364,37.2129276639,54144.8097509176,34587.8097509176,47.1644684241,0.3969406141,0.3572421374,242627.4666666667,227642.1333333334,0.2,2198.4,724.9749469214,0.0681144087,0.1391211604,0.0080847316,0.0416184875,0.0143882224,7.02275902e-19,0.0,1990729098.4689407,1734084.5805478578,512929778.1988744,446802.9426819463,8.85744158e-18,5.339600816e-17,1169,286,0.1965635739,21,0,0,21,0.0144329897,0.0,0.0,21,0.0144329897,DMDCA,0.99,0p99
mdca,Arizona,120,12.0,9.0,1,16840283913898114547,9475761514817476165,6aa26bd8bed79c36458fd5348c96cb321c8416776732e223d147a84ab3c5a430,"[21, 13, 18, 12, 13, 8, 10, 12, 9, 13, 9, 13, 15, 11, 15, 13, 10, 12, 9, 11, 16, 14, 15, 11, 12, 17, 16, 10, 7, 7, 13, 7, 14, 12, 11, 12, 12, 8, 14, 11, 10, 13, 11, 12, 8, 14, 14, 16, 13, 10, 8, 10, 15, 11, 10, 8, 13, 11, 13, 10, 11, 16, 17, 10, 9, 10, 8, 16, 14, 11, 10, 16, 9, 19, 11, 9, 13, 10, 12, 16, 10, 14, 13, 11, 12, 12, 17, 13, 14, 8, 12, 12, 10, 17, 9, 14, 11, 13, 12, 12, 15, 10, 8, 11, 13, 14, 16, 11, 14, 12, 11, 14, 11, 15, 13, 7, 9, 17, 14, 11]",True,0.3,identical_active_pool,1.0,"0.5,0.5",,,0.999,2,True,False,False,1.0,500,700,0.2,1455,1154,301,0.7931271478,36.7291767209,53440.9521289145,34065.9521289145,46.3093172694,0.3903495154,0.354684135,243593.0583333334,230130.1333333334,0.0,2198.4,732.8985138004,0.0681228529,0.1387607935,0.0080834743,0.0417492065,0.0142558551,7.076439136e-19,0.0,2008265474.761838,1740264.7094989931,523832323.4799652,453927.4900173009,8.868409961e-18,5.528663142e-17,1175,280,0.1924398625,21,0,0,21,0.0144329897,0.0,0.0,21,0.0144329897,DMDCA,1.0,1
mdca,Arizona,120,12.0,9.0,2,12057244439424122892,12017847392608320075,3f7070bdd94ca4831cf768c839bda31c7088343ae5b5e4244961b9f37d0b87be,"[14, 17, 11, 11, 8, 8, 9, 11, 8, 13, 21, 9, 10, 10, 19, 11, 10, 11, 8, 19, 11, 12, 15, 12, 14, 13, 11, 14, 18, 11, 13, 10, 11, 13, 5, 10, 12, 12, 9, 8, 10, 11, 17, 14, 10, 9, 11, 11, 14, 10, 11, 5, 9, 11, 14, 15, 15, 17, 14, 14, 19, 10, 15, 8, 7, 11, 17, 12, 10, 9, 13, 13, 8, 16, 8, 10, 15, 10, 10, 17, 10, 17, 8, 9, 11, 9, 9, 19, 16, 9, 16, 13, 15, 14, 11, 23, 6, 12, 14, 10, 16, 15, 14, 15, 8, 14, 14, 14, 10, 14, 10, 15, 11, 10, 11, 14, 6, 11, 12, 7]",False,,,,,,,0.999,2,False,False,False,1.0,500,700,0.2,1444,894,550,0.6191135734,22.5491714355,32561.0035528434,19783.0035528434,36.4217041978,0.2368592148,0.2470654957,286507.6916666666,290391.4,0.6,2234.4,924.8133757962,0.0563615215,0.1181297084,0.0080377624,0.0413908054,0.0069329537,0.0,0.0,903245473.4491276,1010341.6928961158,0.0,0.0,0.0,0.0,898,546,0.3781163435,4,0,0,4,0.0027700831,0.0,0.0,4,0.0027700831,MDCA,none,none
mdca,Arizona,120,12.0,9.0,2,12057244439424122892,4836232127056779440,3f7070bdd94ca4831cf768c839bda31c7088343ae5b5e4244961b9f37d0b87be,"[14, 17, 11, 11, 8, 8, 9, 11, 8, 13, 21, 9, 10, 10, 19, 11, 10, 11, 8, 19, 11, 12, 15, 12, 14, 13, 11, 14, 18, 11, 13, 10, 11, 13, 5, 10, 12, 12, 9, 8, 10, 11, 17, 14, 10, 9, 11, 11, 14, 10, 11, 5, 9, 11, 14, 15, 15, 17, 14, 14, 19, 10, 15, 8, 7, 11, 17, 12, 10, 9, 13, 13, 8, 16, 8, 10, 15, 10, 10, 17, 10, 17, 8, 9, 11, 9, 9, 19, 16, 9, 16, 13, 15, 14, 11, 23, 6, 12, 14, 10, 16, 15, 14, 15, 8, 14, 14, 14, 10, 14, 10, 15, 11, 10, 11, 14, 6, 11, 12, 7]",True,0.3,identical_active_pool,0.9,"0.5,0.5",,,0.999,2,True,False,False,1.0,500,700,0.2,1444,1077,367,0.7458448753,32.508308179,46941.9970104974,28762.9970104974,43.5858839466,0.2841557225,0.3228763583,257660.0361111112,272394.0666666667,0.0666666667,2128.0,867.4970276008,0.0667437502,0.1334473458,0.00803792,0.0402113457,0.0145438861,6.624002131e-19,0.0,1797630212.6441422,1669108.832538665,488034348.73339343,453142.3850820737,8.054110983e-18,4.657771288e-17,1089,355,0.2458448753,12,0,0,12,0.0083102493,0.0,0.0,12,0.0083102493,DMDCA,0.9,0p9
mdca,Arizona,120,12.0,9.0,2,12057244439424122892,4836232127056779440,3f7070bdd94ca4831cf768c839bda31c7088343ae5b5e4244961b9f37d0b87be,"[14, 17, 11, 11, 8, 8, 9, 11, 8, 13, 21, 9, 10, 10, 19, 11, 10, 11, 8, 19, 11, 12, 15, 12, 14, 13, 11, 14, 18, 11, 13, 10, 11, 13, 5, 10, 12, 12, 9, 8, 10, 11, 17, 14, 10, 9, 11, 11, 14, 10, 11, 5, 9, 11, 14, 15, 15, 17, 14, 14, 19, 10, 15, 8, 7, 11, 17, 12, 10, 9, 13, 13, 8, 16, 8, 10, 15, 10, 10, 17, 10, 17, 8, 9, 11, 9, 9, 19, 16, 9, 16, 13, 15, 14, 11, 23, 6, 12, 14, 10, 16, 15, 14, 15, 8, 14, 14, 14, 10, 14, 10, 15, 11, 10, 11, 14, 6, 11, 12, 7]",True,0.3,identical_active_pool,0.95,"0.5,0.5",,,0.999,2,True,False,False,1.0,500,700,0.2,1444,1102,342,0.7631578947,33.3770393767,48196.4448599067,29614.4448599068,43.7354309074,0.2817362352,0.329144753,255274.7777777778,273314.7333333334,0.0666666667,2234.4,870.4290870488,0.0673837928,0.1389257612,0.0080461024,0.0406847587,0.0146109908,6.859398863e-19,0.0,1865333552.847382,1692680.1749976245,510836245.7137406,463553.7619906902,8.279195394e-18,4.931024125e-17,1112,332,0.2299168975,10,0,0,10,0.0069252078,0.0,0.0,10,0.0069252078,DMDCA,0.95,0p95
mdca,Arizona,120,12.0,9.0,2,12057244439424122892,4836232127056779440,3f7070bdd94ca4831cf768c839bda31c7088343ae5b5e4244961b9f37d0b87be,"[14, 17, 11, 11, 8, 8, 9, 11, 8, 13, 21, 9, 10, 10, 19, 11, 10, 11, 8, 19, 11, 12, 15, 12, 14, 13, 11, 14, 18, 11, 13, 10, 11, 13, 5, 10, 12, 12, 9, 8, 10, 11, 17, 14, 10, 9, 11, 11, 14, 10, 11, 5, 9, 11, 14, 15, 15, 17, 14, 14, 19, 10, 15, 8, 7, 11, 17, 12, 10, 9, 13, 13, 8, 16, 8, 10, 15, 10, 10, 17, 10, 17, 8, 9, 11, 9, 9, 19, 16, 9, 16, 13, 15, 14, 11, 23, 6, 12, 14, 10, 16, 15, 14, 15, 8, 14, 14, 14, 10, 14, 10, 15, 11, 10, 11, 14, 6, 11, 12, 7]",True,0.3,identical_active_pool,0.99,"0.5,0.5",,,0.999,2,True,False,False,1.0,500,700,0.2,1444,1109,335,0.7680055402,32.7237053674,47253.030550521,29003.030550521,42.6086839951,0.2732321143,0.3243852237,257085.8805555556,276550.7333333333,0.8,2234.4,880.7348195329,0.0672787311,0.1342353611,0.0080455892,0.0405684079,0.0146870904,6.69878565e-19,0.0,1885817962.8118017,1700467.0539330945,511259435.5000535,461009.4098287228,8.114377971e-18,4.834037998e-17,1124,320,0.2216066482,15,0,0,15,0.0103878116,0.0,0.0,15,0.0103878116,DMDCA,0.99,0p99
mdca,Arizona,120,12.0,9.0,2,12057244439424122892,4836232127056779440,3f7070bdd94ca4831cf768c839bda31c7088343ae5b5e4244961b9f37d0b87be,"[14, 17, 11, 11, 8, 8, 9, 11, 8, 13, 21, 9, 10, 10, 19, 11, 10, 11, 8, 19, 11, 12, 15, 12, 14, 13, 11, 14, 18, 11, 13, 10, 11, 13, 5, 10, 12, 12, 9, 8, 10, 11, 17, 14, 10, 9, 11, 11, 14, 10, 11, 5, 9, 11, 14, 15, 15, 17, 14, 14, 19, 10, 15, 8, 7, 11, 17, 12, 10, 9, 13, 13, 8, 16, 8, 10, 15, 10, 10, 17, 10, 17, 8, 9, 11, 9, 9, 19, 16, 9, 16, 13, 15, 14, 11, 23, 6, 12, 14, 10, 16, 15, 14, 15, 8, 14, 14, 14, 10, 14, 10, 15, 11, 10, 11, 14, 6, 11, 12, 7]",True,0.3,identical_active_pool,1.0,"0.5,0.5",,,0.999,2,True,False,False,1.0,500,700,0.2,1444,1117,327,0.7735457064,32.4979622986,46927.0575591433,28737.0575591433,42.011689847,0.2714923961,0.3215600942,258160.9027777778,277212.7333333334,1.2,2169.6,882.8430997877,0.0677058849,0.1368225676,0.0080438445,0.0407486649,0.0148512532,6.778932831e-19,0.0,1911819763.9543252,1711566.4851873994,518382137.7194309,464084.2772779149,8.147146903e-18,4.797413796e-17,1131,313,0.2167590028,14,0,0,14,0.0096952909,0.0,0.0,14,0.0096952909,DMDCA,1.0,1
mdca,Arizona,120,12.0,9.0,3,2127322057513395584,18185845460186161846,fc283134865706015a2d74f7453479e826aac6b86f38840e3ab8670ca6592033,"[21, 18, 16, 16, 6, 17, 14, 10, 11, 8, 9, 18, 14, 13, 12, 10, 13, 12, 13, 9, 15, 10, 9, 12, 9, 17, 15, 10, 9, 11, 17, 14, 8, 6, 15, 17, 16, 10, 9, 15, 9, 21, 13, 11, 15, 12, 13, 17, 10, 11, 12, 18, 21, 13, 12, 8, 11, 11, 7, 10, 15, 15, 9, 22, 7, 8, 12, 11, 13, 13, 18, 7, 6, 12, 6, 9, 13, 8, 10, 12, 14, 16, 13, 10, 12, 11, 13, 17, 5, 15, 24, 15, 12, 14, 7, 15, 10, 10, 10, 11, 13, 17, 15, 15, 9, 9, 15, 10, 12, 12, 11, 16, 15, 10, 11, 18, 12, 6, 17, 10]",False,,,,,,,0.999,2,False,False,False,1.0,500,700,0.2,1492,967,525,0.6481233244,27.8342097199,41528.640902061,27357.640902061,42.9458540869,0.3755792284,0.2887588066,264031.6500000001,231801.6,1.2,2150.4,738.221656051,0.0552361535,0.1117664608,0.0080796001,0.0401322988,0.0070242546,0.0,0.0,1034064750.7039938,1069353.4133443576,0.0,0.0,0.0,0.0,972,520,0.3485254692,5,0,0,5,0.0033512064,0.0,0.0,5,0.0033512064,MDCA,none,none
mdca,Arizona,120,12.0,9.0,3,2127322057513395584,18087234375462464239,fc283134865706015a2d74f7453479e826aac6b86f38840e3ab8670ca6592033,"[21, 18, 16, 16, 6, 17, 14, 10, 11, 8, 9, 18, 14, 13, 12, 10, 13, 12, 13, 9, 15, 10, 9, 12, 9, 17, 15, 10, 9, 11, 17, 14, 8, 6, 15, 17, 16, 10, 9, 15, 9, 21, 13, 11, 15, 12, 13, 17, 10, 11, 12, 18, 21, 13, 12, 8, 11, 11, 7, 10, 15, 15, 9, 22, 7, 8, 12, 11, 13, 13, 18, 7, 6, 12, 6, 9, 13, 8, 10, 12, 14, 16, 13, 10, 12, 11, 13, 17, 5, 15, 24, 15, 12, 14, 7, 15, 10, 10, 10, 11, 13, 17, 15, 15, 9, 9, 15, 10, 12, 12, 11, 16, 15, 10, 11, 18, 12, 6, 17, 10]",True,0.3,identical_active_pool,0.9,"0.5,0.5",,,0.999,2,True,False,False,1.0,500,700,0.2,1492,1135,357,0.7607238606,37.6061080893,56108.3132692956,36876.3132692956,49.4346372417,0.4388604337,0.3530554219,240163.0361111112,208309.9333333333,0.2,2150.4,663.4074309979,0.0645357392,0.1291530119,0.0080645716,0.0392777892,0.0134086213,5.933977e-19,0.0,1912738934.971354,1685232.5418249816,507357786.6808475,447011.2657981035,7.872516641e-18,5.147239805e-17,1147,345,0.231233244,12,0,0,12,0.0080428954,0.0,0.0,12,0.0080428954,DMDCA,0.9,0p9
mdca,Arizona,120,12.0,9.0,3,2127322057513395584,18087234375462464239,fc283134865706015a2d74f7453479e826aac6b86f38840e3ab8670ca6592033,"[21, 18, 16, 16, 6, 17, 14, 10, 11, 8, 9, 18, 14, 13, 12, 10, 13, 12, 13, 9, 15, 10, 9, 12, 9, 17, 15, 10, 9, 11, 17, 14, 8, 6, 15, 17, 16, 10, 9, 15, 9, 21, 13, 11, 15, 12, 13, 17, 10, 11, 12, 18, 21, 13, 12, 8, 11, 11, 7, 10, 15, 15, 9, 22, 7, 8, 12, 11, 13, 13, 18, 7, 6, 12, 6, 9, 13, 8, 10, 12, 14, 16, 13, 10, 12, 11, 13, 17, 5, 15, 24, 15, 12, 14, 7, 15, 10, 10, 10, 11, 13, 17, 15, 15, 9, 9, 15, 10, 12, 12, 11, 16, 15, 10, 11, 18, 12, 6, 17, 10]",True,0.3,identical_active_pool,0.95,"0.5,0.5",,,0.999,2,True,False,False,1.0,500,700,0.2,1492,1155,337,0.7741286863,38.1808129664,56965.7729459034,37434.7729459034,49.3210155376,0.4398975361,0.3585644411,238117.9416666667,207924.9333333333,0.4,2150.4,662.1813163482,0.0653931601,0.1317153309,0.0080628963,0.0397132272,0.0137748422,6.018964788e-19,0.0,1977618810.833025,1712224.0786433117,521412925.83933854,451439.762631462,7.891476756e-18,5.150966479e-17,1167,325,0.2178284182,12,0,0,12,0.0080428954,0.0,0.0,12,0.0080428954,DMDCA,0.95,0p95
mdca,Arizona,120,12.0,9.0,3,2127322057513395584,18087234375462464239,fc283134865706015a2d74f7453479e826aac6b86f38840e3ab8670ca6592033,"[21, 18, 16, 16, 6, 17, 14, 10, 11, 8, 9, 18, 14, 13, 12, 10, 13, 12, 13, 9, 15, 10, 9, 12, 9, 17, 15, 10, 9, 11, 17, 14, 8, 6, 15, 17, 16, 10, 9, 15, 9, 21, 13, 11, 15, 12, 13, 17, 10, 11, 12, 18, 21, 13, 12, 8, 11, 11, 7, 10, 15, 15, 9, 22, 7, 8, 12, 11, 13, 13, 18, 7, 6, 12, 6, 9, 13, 8, 10, 12, 14, 16, 13, 10, 12, 11, 13, 17, 5, 15, 24, 15, 12, 14, 7, 15, 10, 10, 10, 11, 13, 17, 15, 15, 9, 9, 15, 10, 12, 12, 11, 16, 15, 10, 11, 18, 12, 6, 17, 10]",True,0.3,identical_active_pool,0.99,"0.5,0.5",,,0.999,2,True,False,False,1.0,500,700,0.2,1492,1164,328,0.7801608579,37.3214475815,55683.5997916576,36440.5997916576,47.8381441509,0.4261377462,0.3509101614,240959.4138888889,213032.9333333333,0.2,2150.4,678.4488322718,0.0653362484,0.1312953385,0.0080610127,0.0398947924,0.0135129327,6.054393575e-19,0.0,1999415954.979672,1717711.3015289279,527047328.3387088,452789.8009782722,7.962657174e-18,5.04882203e-17,1176,316,0.2117962466,12,0,0,12,0.0080428954,0.0,0.0,12,0.0080428954,DMDCA,0.99,0p99
mdca,Arizona,120,12.0,9.0,3,2127322057513395584,18087234375462464239,fc283134865706015a2d74f7453479e826aac6b86f38840e3ab8670ca6592033,"[21, 18, 16, 16, 6, 17, 14, 10, 11, 8, 9, 18, 14, 13, 12, 10, 13, 12, 13, 9, 15, 10, 9, 12, 9, 17, 15, 10, 9, 11, 17, 14, 8, 6, 15, 17, 16, 10, 9, 15, 9, 21, 13, 11, 15, 12, 13, 17, 10, 11, 12, 18, 21, 13, 12, 8, 11, 11, 7, 10, 15, 15, 9, 22, 7, 8, 12, 11, 13, 13, 18, 7, 6, 12, 6, 9, 13, 8, 10, 12, 14, 16, 13, 10, 12, 11, 13, 17, 5, 15, 24, 15, 12, 14, 7, 15, 10, 10, 10, 11, 13, 17, 15, 15, 9, 9, 15, 10, 12, 12, 11, 16, 15, 10, 11, 18, 12, 6, 17, 10]",True,0.3,identical_active_pool,1.0,"0.5,0.5",,,0.999,2,True,False,False,1.0,500,700,0.2,1492,1165,327,0.7808310992,36.5589530382,54545.9579329987,35608.9579329987,46.8205647494,0.4191096938,0.3445517733,243319.8166666667,215641.9333333333,0.2666666667,2150.4,686.7577494692,0.0655235998,0.1313436277,0.00806075,0.0399233228,0.0136688038,6.056641836e-19,0.0,1987267114.1858053,1705808.681704554,525688931.7908142,451235.1345843899,7.945827453e-18,5.249075503e-17,1177,315,0.2111260054,12,0,0,12,0.0080428954,0.0,0.0,12,0.0080428954,DMDCA,1.0,1
mdca,Arizona,120,12.0,9.0,4,16707068173538783098,14420759781778004277,c5d4cf64f89c549094607b0ba48289f3d80ef88839bcacc95dda2bf52aa9edcb,"[10, 12, 12, 11, 9, 16, 11, 11, 9, 10, 8, 16, 10, 14, 13, 7, 14, 12, 15, 12, 19, 15, 12, 8, 11, 9, 9, 16, 9, 13, 15, 13, 16, 13, 18, 8, 10, 18, 10, 10, 10, 14, 14, 17, 13, 11, 11, 13, 9, 14, 10, 15, 12, 16, 13, 10, 10, 7, 8, 10, 21, 12, 13, 11, 13, 8, 3, 16, 11, 12, 22, 10, 5, 11, 9, 5, 13, 11, 16, 10, 12, 7, 13, 22, 11, 9, 10, 19, 16, 10, 10, 14, 7, 9, 11, 8, 6, 6, 12, 8, 12, 11, 15, 16, 10, 17, 7, 15, 10, 14, 10, 12, 14, 11, 10, 15, 8, 16, 12, 10]",False,,,,,,,0.999,2,False,False,False,1.0,500,700,0.2,1418,928,490,0.6544428773,26.3794518705,37406.0627524222,23971.0627524222,40.3082572763,0.3399111375,0.2627801921,280012.8916666666,250716.8,0.0,2240.0,798.4611464968,0.055801728,0.1157927624,0.008094816,0.0407028911,0.0070040208,0.0,0.0,957720644.9766966,1032026.5570869575,0.0,0.0,0.0,0.0,932,486,0.3427362482,4,0,0,4,0.0028208745,0.0,0.0,4,0.0028208745,MDCA,none,none
mdca,Arizona,120,12.0,9.0,4,16707068173538783098,9982702643186365209,c5d4cf64f89c549094607b0ba48289f3d80ef88839bcacc95dda2bf52aa9edcb,"[10, 12, 12, 11, 9, 16, 11, 11, 9, 10, 8, 16, 10, 14, 13, 7, 14, 12, 15, 12, 19, 15, 12, 8, 11, 9, 9, 16, 9, 13, 15, 13, 16, 13, 18, 8, 10, 18, 10, 10, 10, 14, 14, 17, 13, 11, 11, 13, 9, 14, 10, 15, 12, 16, 13, 10, 10, 7, 8, 10, 21, 12, 13, 11, 13, 8, 3, 16, 11, 12, 22, 10, 5, 11, 9, 5, 13, 11, 16, 10, 12, 7, 13, 22, 11, 9, 10, 19, 16, 10, 10, 14, 7, 9, 11, 8, 6, 6, 12, 8, 12, 11, 15, 16, 10, 17, 7, 15, 10, 14, 10, 12, 14, 11, 10, 15, 8, 16, 12, 10]",True,0.3,identical_active_pool,0.9,"0.5,0.5",,,0.999,2,True,False,False,1.0,500,700,0.2,1418,1104,314,0.778561354,36.8060102963,52190.9226001479,33604.9226001479,47.2743864132,0.4122475007,0.3319507734,253740.3277777778,223241.8,0.0,2240.0,710.9611464968,0.0658775752,0.1357069889,0.0080877463,0.0399060324,0.0141060667,6.045605592e-19,0.0,1828420214.4853477,1656177.7305120903,488820017.17678416,442771.7546891161,7.469556779e-18,4.954160351e-17,1111,307,0.2165021157,7,0,0,7,0.0049365303,0.0,0.0,7,0.0049365303,DMDCA,0.9,0p9
mdca,Arizona,120,12.0,9.0,4,16707068173538783098,9982702643186365209,c5d4cf64f89c549094607b0ba48289f3d80ef88839bcacc95dda2bf52aa9edcb,"[10, 12, 12, 11, 9, 16, 11, 11, 9, 10, 8, 16, 10, 14, 13, 7, 14, 12, 15, 12, 19, 15, 12, 8, 11, 9, 9, 16, 9, 13, 15, 13, 16, 13, 18, 8, 10, 18, 10, 10, 10, 14, 14, 17, 13, 11, 11, 13, 9, 14, 10, 15, 12, 16, 13, 10, 10, 7, 8, 10, 21, 12, 13, 11, 13, 8, 3, 16, 11, 12, 22, 10, 5, 11, 9, 5, 13, 11, 16, 10, 12, 7, 13, 22, 11, 9, 10, 19, 16, 10, 10, 14, 7, 9, 11, 8, 6, 6, 12, 8, 12, 11, 15, 16, 10, 17, 7, 15, 10, 14, 10, 12, 14, 11, 10, 15, 8, 16, 12, 10]",True,0.3,identical_active_pool,0.95,"0.5,0.5",,,0.999,2,True,False,False,1.0,500,700,0.2,1418,1118,300,0.7884344147,36.9389794077,52379.4728001188,33723.4728001188,46.8510490162,0.4076242922,0.3357044902,252314.5805555556,224997.8,0.0,2240.0,716.5535031847,0.0659858059,0.1336192167,0.0080908524,0.0400033865,0.0140758138,6.02420742e-19,0.0,1853464341.663934,1657839.3038138945,496481023.02218705,444079.6270323677,7.388265312e-18,4.822539673e-17,1125,293,0.206629055,7,0,0,7,0.0049365303,0.0,0.0,7,0.0049365303,DMDCA,0.95,0p95
mdca,Arizona,120,12.0,9.0,4,16707068173538783098,9982702643186365209,c5d4cf64f89c549094607b0ba48289f3d80ef88839bcacc95dda2bf52aa9edcb,"[10, 12, 12, 11, 9, 16, 11, 11, 9, 10, 8, 16, 10, 14, 13, 7, 14, 12, 15, 12, 19, 15, 12, 8, 11, 9, 9, 16, 9, 13, 15, 13, 16, 13, 18, 8, 10, 18, 10, 10, 10, 14, 14, 17, 13, 11, 11, 13, 9, 14, 10, 15, 12, 16, 13, 10, 10, 7, 8, 10, 21, 12, 13, 11, 13, 8, 3, 16, 11, 12, 22, 10, 5, 11, 9, 5, 13, 11, 16, 10, 12, 7, 13, 22, 11, 9, 10, 19, 16, 10, 10, 14, 7, 9, 11, 8, 6, 6, 12, 8, 12, 11, 15, 16, 10, 17, 7, 15, 10, 14, 10, 12, 14, 11, 10, 15, 8, 16, 12, 10]",True,0.3,identical_active_pool,0.99,"0.5,0.5",,,0.999,2,True,False,False,1.0,500,700,0.2,1418,1133,285,0.7990126939,36.6218592438,51929.7964077648,33377.7964077649,45.8338891507,0.4050353656,0.3315767394,253882.3944444444,225981.1333333334,0.0666666667,2240.0,719.6851380042,0.0660144322,0.1325256569,0.0080968933,0.0401191491,0.0139571319,6.082249787e-19,0.0,1905351937.892126,1681687.5003460953,509489511.4983722,449681.8283304256,7.533150338e-18,4.792475132e-17,1141,277,0.1953455571,8,0,0,8,0.0056417489,0.0,0.0,8,0.0056417489,DMDCA,0.99,0p99
mdca,Arizona,120,12.0,9.0,4,16707068173538783098,9982702643186365209,c5d4cf64f89c549094607b0ba48289f3d80ef88839bcacc95dda2bf52aa9edcb,"[10, 12, 12, 11, 9, 16, 11, 11, 9, 10, 8, 16, 10, 14, 13, 7, 14, 12, 15, 12, 19, 15, 12, 8, 11, 9, 9, 16, 9, 13, 15, 13, 16, 13, 18, 8, 10, 18, 10, 10, 10, 14, 14, 17, 13, 11, 11, 13, 9, 14, 10, 15, 12, 16, 13, 10, 10, 7, 8, 10, 21, 12, 13, 11, 13, 8, 3, 16, 11, 12, 22, 10, 5, 11, 9, 5, 13, 11, 16, 10, 12, 7, 13, 22, 11, 9, 10, 19, 16, 10, 10, 14, 7, 9, 11, 8, 6, 6, 12, 8, 12, 11, 15, 16, 10, 17, 7, 15, 10, 14, 10, 12, 14, 11, 10, 15, 8, 16, 12, 10]",True,0.3,identical_active_pool,1.0,"0.5,0.5",,,0.999,2,True,False,False,1.0,500,700,0.2,1418,1136,282,0.8011283498,36.0325672492,51094.1803593291,32744.1803593291,44.9772714431,0.402673738,0.3258987919,256039.0083333333,226878.1333333334,1.0666666667,2240.0,722.5418259023,0.0660916164,0.1356699665,0.0080967991,0.0401330207,0.0140201956,6.047099441e-19,0.0,1906048065.233646,1677859.2123535615,512256392.0457941,450929.922575523,7.410467793e-18,4.863996764e-17,1144,274,0.1932299013,8,0,0,8,0.0056417489,0.0,0.0,8,0.0056417489,DMDCA,1.0,1
mdca,Arizona,120,12.0,9.0,5,11454857388609130654,8179750290924396156,1748f1275925d0d4d9759bbc89df8077cb24da27270c0977cc7d034960fe63de,"[13, 16, 12, 13, 10, 11, 9, 12, 8, 8, 15, 8, 10, 11, 11, 11, 13, 9, 8, 14, 7, 11, 8, 13, 11, 14, 7, 16, 12, 7, 8, 12, 13, 10, 9, 13, 15, 10, 13, 8, 15, 13, 8, 15, 10, 11, 18, 10, 14, 6, 9, 13, 18, 14, 20, 14, 11, 11, 11, 9, 9, 13, 16, 18, 7, 12, 11, 8, 17, 7, 14, 8, 13, 9, 16, 13, 10, 14, 19, 16, 14, 9, 7, 12, 12, 9, 12, 7, 14, 11, 10, 18, 17, 18, 16, 10, 9, 15, 11, 9, 12, 13, 15, 12, 10, 13, 8, 12, 13, 13, 9, 10, 10, 13, 11, 9, 8, 10, 8, 10]",False,,,,,,,0.999,2,False,False,False,1.0,500,700,0.2,1398,885,513,0.6330472103,25.7063429305,35937.4674167936,22833.4674167935,40.6073078156,0.3157985011,0.2629881213,277580.3416666666,257690.4,0.6,2306.6,820.6700636943,0.0558826049,0.1160439826,0.0080236678,0.0406709434,0.0071879937,0.0,0.0,921654371.1256689,1041417.3685035807,0.0,0.0,0.0,0.0,893,505,0.361230329,8,0,0,8,0.0057224607,0.0,0.0,8,0.0057224607,MDCA,none,none
mdca,Arizona,120,12.0,9.0,5,11454857388609130654,8713146723775295805,1748f1275925d0d4d9759bbc89df8077cb24da27270c0977cc7d034960fe63de,"[13, 16, 12, 13, 10, 11, 9, 12, 8, 8, 15, 8, 10, 11, 11, 11, 13, 9, 8, 14, 7, 11, 8, 13, 11, 14, 7, 16, 12, 7, 8, 12, 13, 10, 9, 13, 15, 10, 13, 8, 15, 13, 8, 15, 10, 11, 18, 10, 14, 6, 9, 13, 18, 14, 20, 14, 11, 11, 11, 9, 9, 13, 16, 18, 7, 12, 11, 8, 17, 7, 14, 8, 13, 9, 16, 13, 10, 14, 19, 16, 14, 9, 7, 12, 12, 9, 12, 7, 14, 11, 10, 18, 17, 18, 16, 10, 9, 15, 11, 9, 12, 13, 15, 12, 10, 13, 8, 12, 13, 13, 9, 10, 10, 13, 11, 9, 8, 10, 8, 10]",True,0.3,identical_active_pool,0.9,"0.5,0.5",,,0.999,2,True,False,False,1.0,500,700,0.2,1398,1052,346,0.7525035765,36.564995477,51117.8636768179,33104.8636768179,48.5911251681,0.4185564554,0.3449699935,246703.5583333334,218988.7333333333,0.2,2306.6,697.4163481953,0.0649472718,0.128706925,0.0080328075,0.0393319998,0.0139322613,6.002275145e-19,0.0,1760478923.14042,1673459.0524148478,463419096.00395215,440512.4486729583,7.788167637e-18,4.855483121e-17,1065,333,0.2381974249,13,0,0,13,0.0092989986,0.0,0.0,13,0.0092989986,DMDCA,0.9,0p9
mdca,Arizona,120,12.0,9.0,5,11454857388609130654,8713146723775295805,1748f1275925d0d4d9759bbc89df8077cb24da27270c0977cc7d034960fe63de,"[13, 16, 12, 13, 10, 11, 9, 12, 8, 8, 15, 8, 10, 11, 11, 11, 13, 9, 8, 14, 7, 11, 8, 13, 11, 14, 7, 16, 12, 7, 8, 12, 13, 10, 9, 13, 15, 10, 13, 8, 15, 13, 8, 15, 10, 11, 18, 10, 14, 6, 9, 13, 18, 14, 20, 14, 11, 11, 11, 9, 9, 13, 16, 18, 7, 12, 11, 8, 17, 7, 14, 8, 13, 9, 16, 13, 10, 14, 19, 16, 14, 9, 7, 12, 12, 9, 12, 7, 14, 11, 10, 18, 17, 18, 16, 10, 9, 15, 11, 9, 12, 13, 15, 12, 10, 13, 8, 12, 13, 13, 9, 10, 10, 13, 11, 9, 8, 10, 8, 10]",True,0.3,identical_active_pool,0.95,"0.5,0.5",,,0.999,2,True,False,False,1.0,500,700,0.2,1398,1073,325,0.7675250358,37.2930449384,52135.6768239422,33804.6768239423,48.5887016067,0.4091041928,0.3497484087,244903.8666666667,222548.7333333334,0.6,2306.6,708.7539278132,0.0652697119,0.1306530563,0.0080324609,0.0394022964,0.0141314462,6.19197662e-19,0.0,1808674404.390963,1685623.86243333,478795001.275972,446220.8772376254,7.96034311e-18,4.93394019e-17,1088,310,0.2217453505,15,0,0,15,0.0107296137,0.0,0.0,15,0.0107296137,DMDCA,0.95,0p95
mdca,Arizona,120,12.0,9.0,5,11454857388609130654,8713146723775295805,1748f1275925d0d4d9759bbc89df8077cb24da27270c0977cc7d034960fe63de,"[13, 16, 12, 13, 10, 11, 9, 12, 8, 8, 15, 8, 10, 11, 11, 11, 13, 9, 8, 14, 7, 11, 8, 13, 11, 14, 7, 16, 12, 7, 8, 12, 13, 10, 9, 13, 15, 10, 13, 8, 15, 13, 8, 15, 10, 11, 18, 10, 14, 6, 9, 13, 18, 14, 20, 14, 11, 11, 11, 9, 9, 13, 16, 18, 7, 12, 11, 8, 17, 7, 14, 8, 13, 9, 16, 13, 10, 14, 19, 16, 14, 9, 7, 12, 12, 9, 12, 7, 14, 11, 10, 18, 17, 18, 16, 10, 9, 15, 11, 9, 12, 13, 15, 12, 10, 13, 8, 12, 13, 13, 9, 10, 10, 13, 11, 9, 8, 10, 8, 10]",True,0.3,identical_active_pool,0.99,"0.5,0.5",,,0.999,2,True,False,False,1.0,500,700,0.2,1398,1087,311,0.7775393419,36.9478882229,51653.1477356221,33402.1477356221,47.518995157,0.3900695662,0.3464267674,246154.8944444445,229717.7333333334,0.2666666667,2306.6,731.5851380042,0.0655319111,0.1299255282,0.0080293475,0.03968981,0.0140828497,6.247877101e-19,0.0,1843005979.6618433,1695497.6813816405,482310752.5162951,443708.1439892319,8.032801104e-18,4.900077575e-17,1103,295,0.2110157368,16,0,0,16,0.0114449213,0.0,0.0,16,0.0114449213,DMDCA,0.99,0p99
mdca,Arizona,120,12.0,9.0,5,11454857388609130654,8713146723775295805,1748f1275925d0d4d9759bbc89df8077cb24da27270c0977cc7d034960fe63de,"[13, 16, 12, 13, 10, 11, 9, 12, 8, 8, 15, 8, 10, 11, 11, 11, 13, 9, 8, 14, 7, 11, 8, 13, 11, 14, 7, 16, 12, 7, 8, 12, 13, 10, 9, 13, 15, 10, 13, 8, 15, 13, 8, 15, 10, 11, 18, 10, 14, 6, 9, 13, 18, 14, 20, 14, 11, 11, 11, 9, 9, 13, 16, 18, 7, 12, 11, 8, 17, 7, 14, 8, 13, 9, 16, 13, 10, 14, 19, 16, 14, 9, 7, 12, 12, 9, 12, 7, 14, 11, 10, 18, 17, 18, 16, 10, 9, 15, 11, 9, 12, 13, 15, 12, 10, 13, 8, 12, 13, 13, 9, 10, 10, 13, 11, 9, 8, 10, 8, 10]",True,0.3,identical_active_pool,1.0,"0.5,0.5",,,0.999,2,True,False,False,1.0,500,700,0.2,1398,1087,311,0.7775393419,36.1772389655,50575.7800738084,32605.7800738084,46.5278565536,0.392537952,0.3401048514,248535.9138888889,228788.0666666667,0.2666666667,2306.6,728.6244161359,0.0657051543,0.1303774257,0.0080247134,0.0397078596,0.0142515152,6.215959465e-19,0.0,1837213847.732211,1690169.1331483084,480498139.93761384,442040.60711832,7.953961362e-18,4.932693511e-17,1104,294,0.2103004292,17,0,0,17,0.0121602289,0.0,0.0,17,0.0121602289,DMDCA,1.0,1
