region,fixed_reliability,method,share,share_tag,domain_count,domain_failure_prob,total_accepted_mean,total_accepted_std,total_accepted_count,expected_target_satisfaction_ratio_mean,expected_target_satisfaction_ratio_std,expected_target_satisfaction_ratio_count,expected_reliability_mean,expected_reliability_std,expected_reliability_count,expected_reliability_loss_mean,expected_reliability_loss_std,expected_reliability_loss_count,total_accepted_ci95,expected_target_satisfaction_ratio_ci95,expected_reliability_ci95,expected_reliability_loss_ci95
Alabama,0.996,DMDCA,"0.5,0.5",0p5_0p5,6,0.0,1399.2,10.329569206893387,5,1.0,0.0,5,0.9978770267651169,2.831513014384223e-05,5,6.217248937900876e-16,1.1035415816519724e-15,5,9.05426661856166,0.0,2.4819305871019313e-05,9.672968450880064e-16
Alabama,0.996,DMDCA,"0.5,0.5",0p5_0p5,6,0.01,1399.2,10.329569206893387,5,0.9653741930649448,0.00022952358270488055,5,0.9907013047552329,0.0002474377045405831,5,0.007175722009884544,0.00023587931793087497,5,9.05426661856166,0.00020118629068001433,0.00021688871079931677,0.0002067573382368508
Alabama,0.996,DMDCA,"0.5,0.5",0p5_0p5,6,0.03,1399.2,10.329569206893387,5,0.8991500280919926,0.0006505287374333389,5,0.9757783848838579,0.0007008731109463794,5,0.022098641881259585,0.000690439910336347,5,9.05426661856166,0.0005702135794615136,0.0006143423685137245,0.0006051972649652452
Alabama,0.996,DMDCA,"0.5,0.5",0p5_0p5,6,0.05,1399.2,10.329569206893387,5,0.836800543985408,0.0010249063635580666,5,0.9601156111183734,0.0011322374904253719,5,0.03776141564674427,0.0011222043631518486,5,9.05426661856166,0.0008983700373992533,0.0009924499181438223,0.0009836554943365224
Alabama,0.996,DMDCA,"0.6,0.4",0p6_0p4,6,0.0,1402.0,11.247221879202012,5,1.0,0.0,5,0.9978772345507206,2.7638001126116465e-05,5,5.10702591327572e-16,1.0666233340539798e-15,5,9.858624650528084,0.0,2.422577611784194e-05,9.34936574282209e-16
Alabama,0.996,DMDCA,"0.6,0.4",0p6_0p4,6,0.01,1402.0,11.247221879202012,5,0.9656184363228937,0.00018088176784639682,5,0.9905241972680503,0.00010293164729653035,5,0.00735303728267076,0.00010401311458085257,5,9.858624650528084,0.00015854986008758561,9.022356687328728e-05,9.117151474367027e-05
Alabama,0.996,DMDCA,"0.6,0.4",0p6_0p4,6,0.03,1402.0,11.247221879202012,5,0.8998417227262354,0.0005004411844180177,5,0.9752607107670708,0.00030160455027535525,5,0.02261652378365031,0.0003046594709201207,5,9.858624650528084,0.00043865603878288223,0.0002643680444816777,0.00026704580049087214
Alabama,0.996,DMDCA,"0.6,0.4",0p6_0p4,6,0.05,1402.0,11.247221879202012,5,0.8378882997428694,0.0007684518661539208,5,0.9592769424458745,0.00049290273861593,5,0.03860029210484659,0.0004959634962878669,5,9.858624650528084,0.000673577759181468,0.00043204829969767687,0.0004347311720867891
Alabama,0.996,DMDCA,"0.7,0.3",0p7_0p3,6,0.0,1401.6,12.953763931769034,5,1.0,0.0,5,0.9978765614361544,2.7585760627581747e-05,5,5.773159728050814e-16,1.0689320452704462e-15,5,11.354474712640828,0.0,2.417998530196249e-05,9.369602488886191e-16
Alabama,0.996,DMDCA,"0.7,0.3",0p7_0p3,6,0.01,1401.6,12.953763931769034,5,0.9653809777581899,0.0002588045157588121,5,0.9906467321573658,9.994211392957348e-05,5,0.007229829278789191,9.431290859133517e-05,5,11.354474712640828,0.00022685216012728157,8.76031253401229e-05,8.266890930825206e-05
Alabama,0.996,DMDCA,"0.7,0.3",0p7_0p3,6,0.03,1401.6,12.953763931769034,5,0.8991675724260547,0.0007288231356205134,5,0.9756158537843381,0.00028410249866486504,5,0.022260707651816914,0.00028050979146381253,5,11.354474712640828,0.0006388416453302298,0.00024902681984012153,0.0002458776731304112
Alabama,0.996,DMDCA,"0.7,0.3",0p7_0p3,6,0.05,1401.6,12.953763931769034,5,0.8368257350559709,0.0011396354572388268,5,0.9598462060119821,0.00046704313987780036,5,0.03803035542417284,0.00046347162597513573,5,11.354474712640828,0.0009989345219663971,0.000409381362003145,0.00040625079203852134
Alabama,0.996,MDCA,none,none,6,0.0,1365.8,16.361540269791238,5,1.0,0.0,5,0.9978928165319635,3.301904050995926e-05,5,6.883382752675971e-16,7.381104677948019e-16,5,14.341522373862546,0.0,2.894246509976594e-05,6.469823509101917e-16
Alabama,0.996,MDCA,none,none,6,0.01,1365.8,16.361540269791238,5,0.9660956625755448,0.0004097135300483532,5,0.9898445133505505,0.00020086850419218742,5,0.008048303181413785,0.00021458074753510057,5,14.341522373862546,0.0003591297433598783,0.00017606900692565975,0.00018808831815527265
Alabama,0.996,MDCA,none,none,6,0.03,1365.8,16.361540269791238,5,0.9012137764904139,0.0011651129818038817,5,0.9732445756942525,0.000608611031305767,5,0.024648240837711756,0.0006237402026994307,5,14.341522373862546,0.0010212665568821303,0.000533471090039544,0.0005467323934658865
Alabama,0.996,MDCA,none,none,6,0.05,1365.8,16.361540269791238,5,0.8400787449065499,0.001839359527765227,5,0.9559960826934197,0.0009912051058792886,5,0.04189673383854446,0.0010066016301053355,5,14.341522373862546,0.0016122697121448435,0.0008688295825852681,0.0008823252311016307
Alabama,0.998,DMDCA,"0.5,0.5",0p5_0p5,6,0.0,1342.0,14.159802258506307,5,1.0,0.0,5,0.9988457877049182,6.65656660552954e-06,5,6.883382752675971e-16,1.097381189754249e-15,5,12.41161391600625,0.0,5.834737887263522e-06,9.61897023507878e-16
Alabama,0.998,DMDCA,"0.5,0.5",0p5_0p5,6,0.01,1342.0,14.159802258506307,5,0.964729712059875,0.0007342815775411331,5,0.9923617517607702,0.0003542518814510194,5,0.006484035944148636,0.0003507096950313896,5,12.41161391600625,0.0006436261806270451,0.00031051546492802574,0.0003074106016356957
Alabama,0.998,DMDCA,"0.5,0.5",0p5_0p5,6,0.03,1342.0,14.159802258506307,5,0.8973696174777125,0.0020993531830853407,5,0.9788118421895279,0.0010317232024016783,5,0.020033945515391016,0.001028222346358416,5,12.41161391600625,0.0018401641990544828,0.000904345260097311,0.0009012766244771666
Alabama,0.998,DMDCA,"0.5,0.5",0p5_0p5,6,0.05,1342.0,14.159802258506307,5,0.8340734866385462,0.003333781867655694,5,0.9645024913864008,0.0016767191730955382,5,0.03434329631851816,0.0016732359948846641,5,12.41161391600625,0.0029221886482678496,0.0014697091556857976,0.001466656015368947
Alabama,0.998,DMDCA,"0.6,0.4",0p6_0p4,6,0.0,1342.0,16.170961628796217,5,1.0,0.0,5,0.9988457987618252,6.565228012012086e-06,5,4.884981308350689e-16,9.308675526511305e-16,5,14.1744728297034,0.0,5.754676080066915e-06,8.159413853045026e-16
Alabama,0.998,DMDCA,"0.6,0.4",0p6_0p4,6,0.01,1342.0,16.170961628796217,5,0.9646601092011384,0.0008232262703911203,5,0.9923047829820624,0.00043588709870506976,5,0.006541015779763315,0.00043113983415607254,5,14.1744728297034,0.00072158964137161,0.0003820718878221148,0.00037791072697653785
Alabama,0.998,DMDCA,"0.6,0.4",0p6_0p4,6,0.03,1342.0,16.170961628796217,5,0.8971712018109435,0.002348044686482203,5,0.9786503857963721,0.001263223536935935,5,0.020195412965453553,0.0012585193356819413,5,14.1744728297034,0.0020581519130071046,0.0011072642501516556,0.0011031408359484173
Alabama,0.998,DMDCA,"0.6,0.4",0p6_0p4,6,0.05,1342.0,16.170961628796217,5,0.833759321143716,0.003719821576504985,5,0.9642485797821768,0.002043670324652212,5,0.034597218979648806,0.0020389974016070066,5,14.1744728297034,0.003260567372420351,0.0017913560216523917,0.0017872600240079726
Alabama,0.998,DMDCA,"0.7,0.3",0p7_0p3,6,0.0,1342.2,14.131525041551612,5,1.0,0.0,5,0.9988458431231241,6.041046720424486e-06,5,6.883382752675971e-16,9.134916126074183e-16,5,12.386827842510767,0.0,5.29521091987296e-06,8.007107023251077e-16
Alabama,0.998,DMDCA,"0.7,0.3",0p7_0p3,6,0.01,1342.2,14.131525041551612,5,0.9645367790853225,0.0006242275487465756,5,0.9924153248603116,0.00033176318224434386,5,0.0064305182628133116,0.0003280831733351688,5,12.386827842510767,0.0005471595711107717,0.0002908032509485593,0.0002875775809177032
Alabama,0.998,DMDCA,"0.7,0.3",0p7_0p3,6,0.03,1342.2,14.131525041551612,5,0.8968242436729298,0.001790979848165724,5,0.9789683882157467,0.0009587721602233853,5,0.019877454907378134,0.0009550650174310994,5,12.386827842510767,0.0015698630532376748,0.0008404008522759766,0.0008371513983479201
Alabama,0.998,DMDCA,"0.7,0.3",0p7_0p3,6,0.05,1342.2,14.131525041551612,5,0.8332176759969252,0.0028538688521975047,5,0.9647564253128504,0.001547829323968727,5,0.034089417810274344,0.001544075207134069,5,12.386827842510767,0.0025015263429341216,0.0013567322216969544,0.0013534415932053478
Alabama,0.998,MDCA,none,none,6,0.0,1292.8,12.275992831539126,5,1.0,0.0,5,0.9988546425697808,1.052514645847977e-05,5,9.547918011776346e-16,9.107889687773288e-16,5,10.76038214934767,0.0,9.225697638085509e-06,7.983417305584719e-16
Alabama,0.998,MDCA,none,none,6,0.01,1292.8,12.275992831539126,5,0.9652871568100512,0.0006292788700896826,5,0.9917189709627067,0.00030423104382390384,5,0.007135671607075178,0.00030261025832295177,5,10.76038214934767,0.0005515872494873288,0.000266670267583551,0.0002652495864531655
Alabama,0.998,MDCA,none,none,6,0.03,1292.8,12.275992831539126,5,0.8989551135743483,0.0017969888808684997,5,0.9769133741336626,0.0008869631751933984,5,0.02194126843611923,0.0008853680166474565,5,10.76038214934767,0.0015751302026338243,0.0007774575016824177,0.0007760592835685282
Alabama,0.998,MDCA,none,none,6,0.05,1292.8,12.275992831539126,5,0.8365776554922848,0.0028496890676431644,5,0.9614122470036086,0.0014398317706770798,5,0.037442395566173126,0.0014381666703494648,5,10.76038214934767,0.0024978626002353514,0.001262068192435947,0.0012606086676473659
Alabama,0.999,DMDCA,"0.5,0.5",0p5_0p5,6,0.0,1109.6,12.720062892926284,5,1.0,0.0,5,0.9993723630595349,9.564796088547624e-06,5,-5.773159728050814e-16,9.595564536871448e-16,5,11.149626720209067,0.0,8.383913424004803e-06,8.41088315807689e-16
Alabama,0.999,DMDCA,"0.5,0.5",0p5_0p5,6,0.01,1109.6,12.720062892926284,5,0.9654722414663588,0.0004090977117436496,5,0.9933562897863386,0.0002005984000129838,5,0.0060160732731956434,0.0001943554127460345,5,11.149626720209067,0.0003585899548161801,0.00017583225017381933,0.00017036003056050358
Alabama,0.999,DMDCA,"0.5,0.5",0p5_0p5,6,0.03,1109.6,12.720062892926284,5,0.8994473109487993,0.001159752496090929,5,0.9807954413230622,0.0005755512913380917,5,0.01857692173647203,0.0005694554025145393,5,11.149626720209067,0.0010165678839870595,0.0005044929502921396,0.0004991496681493899
Alabama,0.999,DMDCA,"0.5,0.5",0p5_0p5,6,0.05,1109.6,12.720062892926284,5,0.8372992356606618,0.0018260459523302096,5,0.9675393132377119,0.0009319575139438532,5,0.031833049821822466,0.0009259449986778485,5,11.149626720209067,0.0016005998487438795,0.0008168967785015006,0.000811626576504092
Alabama,0.999,DMDCA,"0.6,0.4",0p6_0p4,6,0.0,1110.6,13.88524396616782,5,1.0,0.0,5,0.9993723014816916,9.490314771122288e-06,5,-6.439293542825908e-16,1.0277811322930146e-15,5,12.170952961867858,0.0,8.318627670778136e-06,9.008898832971628e-16
Alabama,0.999,DMDCA,"0.6,0.4",0p6_0p4,6,0.01,1110.6,13.88524396616782,5,0.9656873116835843,0.00043974635065857566,5,0.9933667796821839,0.0004079455581457805,5,0.006005521799507085,0.0004029117935239937,5,12.170952961867858,0.00038545467130860086,0.000357580047660128,0.0003531677584283557
Alabama,0.999,DMDCA,"0.6,0.4",0p6_0p4,6,0.03,1110.6,13.88524396616782,5,0.9000628562941365,0.0012447578801195712,5,0.9808225962658594,0.0011982144437074687,5,0.0185497052158315,0.001193261271745149,5,12.170952961867858,0.0010910783883065433,0.0010502812675187946,0.0010459396208676811
Alabama,0.999,DMDCA,"0.6,0.4",0p6_0p4,6,0.05,1110.6,13.88524396616782,5,0.8382772568756736,0.0019578981809045197,5,0.9675776190751018,0.001966263534739798,5,0.03179468240658927,0.0019613487047691006,5,12.170952961867858,0.0017161734228060737,0.0017235059787400358,0.0017191979403263916
Alabama,0.999,DMDCA,"0.7,0.3",0p7_0p3,6,0.0,1112.0,14.577379737113237,5,1.0,0.0,5,0.9993721220752543,9.187069758816467e-06,5,-5.551115123125783e-16,1.0990647210786425e-15,5,12.77763671419719,0.0,8.052821697938893e-06,9.633727037774467e-16
Alabama,0.999,DMDCA,"0.7,0.3",0p7_0p3,6,0.01,1112.0,14.577379737113237,5,0.9656891981531407,0.00042112710950087563,5,0.993388901805349,0.0003400560800346961,5,0.005983220269904677,0.0003351309322902173,5,12.77763671419719,0.00036913418685267284,0.0002980722963589237,0.00029375521401781154
Alabama,0.999,DMDCA,"0.7,0.3",0p7_0p3,6,0.03,1112.0,14.577379737113237,5,0.9000673867375386,0.0012012936064961803,5,0.9808806377546224,0.0010010382204182714,5,0.01849148432063117,0.0009961603571484185,5,12.77763671419719,0.0010529802727040427,0.0008774486875008086,0.0008731730518291379
Alabama,0.999,DMDCA,"0.7,0.3",0p7_0p3,6,0.05,1112.0,14.577379737113237,5,0.8382834395398173,0.0019035910999062068,5,0.9676604868496984,0.0016479444068198926,5,0.031711635225555354,0.0016430680957163343,5,12.77763671419719,0.0016685711674955144,0.0014444869609815951,0.0014402126858436796
Alabama,0.999,MDCA,none,none,6,0.0,918.6,17.487138130637618,5,1.0,0.0,5,0.9993864321578488,1.224734256432117e-05,5,-3.552713678800501e-16,1.2146672020747797e-15,5,15.32815240007745,0.0,1.0735269082887523e-05,1.0647027460804429e-15
Alabama,0.999,MDCA,none,none,6,0.01,918.6,17.487138130637618,5,0.9680124248013969,0.0006333612236150936,5,0.9926866060947681,0.0003559545779894513,5,0.00669982606308035,0.00035326356476729726,5,15.32815240007745,0.0005551655901237871,0.00031200794424837767,0.0003096491671590819
Alabama,0.999,MDCA,none,none,6,0.03,918.6,17.487138130637618,5,0.9066517507437106,0.0017733751687433268,5,0.978805160605711,0.0010414207584210327,5,0.02058127155213747,0.001038841313329466,5,15.32815240007745,0.0015544318713527406,0.0009128455427314667,0.000910584559420419
Alabama,0.999,MDCA,none,none,6,0.05,918.6,17.487138130637618,5,0.8486443123687348,0.0027568618266882896,5,0.964293143763518,0.0016974416665644016,5,0.03509328839433057,0.0016948654596231256,5,15.32815240007745,0.002416495936027325,0.0014878732220771817,0.0014856150771300233
Arizona,0.996,DMDCA,"0.5,0.5",0p5_0p5,6,0.0,1428.2,32.3063461258001,5,1.0,0.0,5,0.9978697751803128,4.0622915240807416e-05,5,8.881784197001253e-17,2.154805323996648e-15,5,28.317760928434996,0.0,3.560755516968376e-05,1.888770143632106e-15
Arizona,0.996,DMDCA,"0.5,0.5",0p5_0p5,6,0.01,1428.2,32.3063461258001,5,0.964938298501953,0.0004982573429192722,5,0.9907264033209133,0.00036013339177513854,5,0.00714337185939975,0.000359919844069645,5,28.317760928434996,0.00043674181730992496,0.00031567083603090015,0.00031548365321401356
Arizona,0.996,DMDCA,"0.5,0.5",0p5_0p5,6,0.03,1428.2,32.3063461258001,5,0.8979038731253182,0.0014069671660548546,5,0.9758581525807115,0.0010380450867469003,5,0.022011622599601478,0.0010393900289916089,5,28.317760928434996,0.001233261096360281,0.0009098866360489062,0.0009110655299046001
Arizona,0.996,DMDCA,"0.5,0.5",0p5_0p5,6,0.05,1428.2,32.3063461258001,5,0.8348225376586615,0.0022067795345606326,5,0.9602373787181279,0.001664081327153261,5,0.03763239646218523,0.0016657926964850575,5,28.317760928434996,0.0019343275478480983,0.0014586315953002832,0.001460131676659199
Arizona,0.996,DMDCA,"0.6,0.4",0p6_0p4,6,0.0,1428.4,32.2071420650762,5,1.0,0.0,5,0.9978698288246578,4.196931233644772e-05,5,2.2204460492503132e-17,2.105622189846737e-15,5,28.230804735253294,0.0,3.6787724258442335e-05,1.8456592257602744e-15
Arizona,0.996,DMDCA,"0.6,0.4",0p6_0p4,6,0.01,1428.4,32.2071420650762,5,0.9649317835289795,0.000569904486725891,5,0.9906494364170377,0.0003238660664057087,5,0.007220392407620069,0.00031611054766136177,5,28.230804735253294,0.0004995433078164874,0.0002838811237147464,0.0002770831118063929
Arizona,0.996,DMDCA,"0.6,0.4",0p6_0p4,6,0.03,1428.4,32.2071420650762,5,0.8978920288282459,0.0016024708626457215,5,0.9756351078863119,0.0009235443443922596,5,0.02223472093834593,0.0009174139502819182,5,28.230804735253294,0.001404627642088706,0.0008095223102442568,0.0008041487828840965
Arizona,0.996,DMDCA,"0.6,0.4",0p6_0p4,6,0.05,1428.4,32.2071420650762,5,0.834814126237861,0.0025011189578604356,5,0.9598786333278883,0.0014831057296504895,5,0.03799119549676959,0.0014772037461183475,5,28.230804735253294,0.002192327427759036,0.0012999994898926213,0.0012948261732316827
Arizona,0.996,DMDCA,"0.7,0.3",0p7_0p3,6,0.0,1429.0,33.78609181305233,5,1.0,0.0,5,0.9978701270567569,4.124895434646568e-05,5,6.661338147750939e-17,2.10883933792583e-15,5,29.61481521130935,0.0,3.6156302640410885e-05,1.8484791803853003e-15
Arizona,0.996,DMDCA,"0.7,0.3",0p7_0p3,6,0.01,1429.0,33.78609181305233,5,0.9647224238959561,0.0006280137635036886,5,0.9906500997567813,0.00036207054192243074,5,0.007220027299975662,0.0003517559306475684,5,29.61481521130935,0.0005504783346718887,0.0003173688230003858,0.0003083276675873325
Arizona,0.996,DMDCA,"0.7,0.3",0p7_0p3,6,0.03,1429.0,33.78609181305233,5,0.8973009970431518,0.0017568529879814047,5,0.9756231423330017,0.0010304856678535093,5,0.022246984723755237,0.0010215880071001368,5,29.61481521130935,0.0015399495413792198,0.0009032605132386077,0.0008954613697187817
Arizona,0.996,DMDCA,"0.7,0.3",0p7_0p3,6,0.05,1429.0,33.78609181305233,5,0.8338881473266919,0.0027280200076408513,5,0.959837624629442,0.0016550059618509233,5,0.03803250242731506,0.0016463556067029005,5,29.61481521130935,0.0023912149669772596,0.0014506766868755182,0.001443094316276433
Arizona,0.996,MDCA,none,none,6,0.0,1431.8,33.618447316912174,5,1.0,0.0,5,0.9978719055770385,3.998518600878296e-05,5,6.661338147750939e-17,2.079409492318113e-15,5,29.46786833145553,0.0,3.50485608513906e-05,1.822682783329598e-15
Arizona,0.996,MDCA,none,none,6,0.01,1431.8,33.618447316912174,5,0.9652991909564156,0.00047450662243553993,5,0.9897434894107654,0.00020959456302077647,5,0.008128416166273267,0.00019001805835657193,5,29.46786833145553,0.0004159233929075593,0.00018371773472649133,0.000166558171811624
Arizona,0.996,MDCA,none,none,6,0.03,1431.8,33.618447316912174,5,0.8989575504705352,0.0013265050472595853,5,0.972979125895263,0.000577936491808374,5,0.02489277968177559,0.0005595301693374296,5,29.46786833145553,0.0011627329396022503,0.0005065836706856109,0.0004904498176873804
Arizona,0.996,MDCA,none,none,6,0.05,1431.8,33.618447316912174,5,0.8365307010914798,0.0020578115838266425,5,0.9555606771768481,0.000933942031086625,5,0.042311228400190595,0.0009150978751111925,5,29.46786833145553,0.0018037513818385715,0.0008186362844731229,0.0008021186534871811
Arizona,0.998,DMDCA,"0.5,0.5",0p5_0p5,6,0.0,1379.6,41.84853641407309,5,1.0,0.0,5,0.9988283778511186,1.3797047021791156e-05,5,-1.7763568394002506e-16,4.684036072284178e-16,5,36.68185949485112,0.0,1.2093644931563931e-05,4.1057386421419073e-16
Arizona,0.998,DMDCA,"0.5,0.5",0p5_0p5,6,0.01,1379.6,41.84853641407309,5,0.9643948247659058,0.00033218952825340856,5,0.9923756092005611,0.00016318781870077056,5,0.006452768650557173,0.00015541623879289243,5,36.68185949485112,0.00029117695970256474,0.0001430404298402269,0.0001362283397013129
Arizona,0.998,DMDCA,"0.5,0.5",0p5_0p5,6,0.03,1379.6,41.84853641407309,5,0.8963991959382328,0.0009400558568889857,5,0.9788754916487283,0.00046035927583946626,5,0.019952886202390063,0.0004529771689215855,5,36.68185949485112,0.0008239952890710261,0.0004035226968610349,0.0003970519948499156
Arizona,0.998,DMDCA,"0.5,0.5",0p5_0p5,6,0.05,1379.6,41.84853641407309,5,0.8325116902572625,0.0014775802913251405,5,0.9646003496958322,0.000740394070835164,5,0.03422802815528625,0.0007331969732663319,5,36.68185949485112,0.0012951562296578507,0.0006489840172298819,0.0006426754830632805
Arizona,0.998,DMDCA,"0.6,0.4",0p6_0p4,6,0.0,1381.0,39.730341050637854,5,1.0,0.0,5,0.9988279041968458,1.367680501663023e-05,5,-1.9984014443252818e-16,4.800992561380036e-16,5,34.825179396522856,0.0,1.1988248167009328e-05,4.208255524872904e-16
Arizona,0.998,DMDCA,"0.6,0.4",0p6_0p4,6,0.01,1381.0,39.730341050637854,5,0.9643013063361832,0.00045766477687349125,5,0.9923410220087983,0.00028421484111296663,5,0.006486882188047249,0.00027284637707086524,5,34.825179396522856,0.00040116086438257286,0.00024912529233761386,0.00023916039424563793
Arizona,0.998,DMDCA,"0.6,0.4",0p6_0p4,6,0.03,1381.0,39.730341050637854,5,0.8961353823486414,0.0012863256635338048,5,0.9787769419148173,0.0008059688936661308,5,0.020050962282028073,0.0007946678966783512,5,34.825179396522856,0.0011275141569467306,0.0007064628837231985,0.0006965571231117524
Arizona,0.998,DMDCA,"0.6,0.4",0p6_0p4,6,0.05,1381.0,39.730341050637854,5,0.8320986328520015,0.00200874407741762,5,0.964443332107139,0.0012962937921933374,5,0.03438457208970647,0.0012850074023353824,5,34.825179396522856,0.0017607418161503107,0.0011362516069568656,0.0011263586500592359
Arizona,0.998,DMDCA,"0.7,0.3",0p7_0p3,6,0.0,1381.2,40.03373577371963,5,1.0,0.0,5,0.9988276982478107,1.3688543528638621e-05,5,-2.4424906541753446e-16,5.347542221830668e-16,5,35.09111659665449,0.0,1.1998537426461255e-05,4.687327424860945e-16
Arizona,0.998,DMDCA,"0.7,0.3",0p7_0p3,6,0.01,1381.2,40.03373577371963,5,0.9642174991334039,0.00019125882512525236,5,0.9924411660361058,0.00011113155637449531,5,0.006386532211704665,0.00011576659903290691,5,35.09111659665449,0.00016764575183650726,9.741110408352085e-05,0.00010147389810492415
Arizona,0.998,DMDCA,"0.7,0.3",0p7_0p3,6,0.03,1381.2,40.03373577371963,5,0.8958888955262182,0.0005360671794498509,5,0.979062194956199,0.0003433016968130459,5,0.01976550329161144,0.00034842192982117174,5,35.09111659665449,0.00046988360027248985,0.0003009172048990818,0.0003054052870132663
Arizona,0.998,DMDCA,"0.7,0.3",0p7_0p3,6,0.05,1381.2,40.03373577371963,5,0.8316961688460459,0.0008357654168362053,5,0.9648939968829243,0.0005764139170380128,5,0.03393370136488614,0.0005816297695650298,5,35.09111659665449,0.0007325806878333827,0.0005052490750561792,0.0005098209713740984
Arizona,0.998,MDCA,none,none,6,0.0,1347.0,36.14553914385564,5,1.0,0.0,5,0.9988343119509606,1.5310113662601847e-05,5,-8.881784197001253e-17,4.1093252186201184e-16,5,31.682961982743972,0.0,1.341990631798884e-05,3.601982367951597e-16
Arizona,0.998,MDCA,none,none,6,0.01,1347.0,36.14553914385564,5,0.9650123990948283,0.0003706050830975392,5,0.9914362109058086,0.00036794909435216406,5,0.007398101045151928,0.00035878675202192356,5,31.682961982743972,0.00032484967817631355,0.00032252160139451295,0.00031449045424337344
Arizona,0.998,MDCA,none,none,6,0.03,1347.0,36.14553914385564,5,0.8981577116146392,0.001051757523665905,5,0.9761088680809451,0.0010519979328167646,5,0.02272544387001556,0.001042882247436532,5,31.682961982743972,0.0009219061169554298,0.0009221168448672692,0.0009141265943359695
Arizona,0.998,MDCA,none,none,6,0.05,1347.0,36.14553914385564,5,0.8352921041263885,0.0016581765556146686,5,0.9600918985299748,0.001692165358458227,5,0.038742413420985854,0.0016829880610313077,5,31.682961982743972,0.0014534558348439312,0.0014832483341076928,0.0014752040782363349
Arizona,0.999,DMDCA,"0.5,0.5",0p5_0p5,6,0.0,1131.8,30.979025162196436,5,1.0,0.0,5,0.9993699002979243,6.808265022115481e-06,5,1.9984014443252818e-16,7.422735604144206e-16,5,27.154312806624286,0.0,5.967707412110148e-06,6.506314624830771e-16
Arizona,0.999,DMDCA,"0.5,0.5",0p5_0p5,6,0.01,1131.8,30.979025162196436,5,0.9646219323301285,0.0008230072052611966,5,0.9937374106550603,0.000337171486103094,5,0.005632489642864114,0.0003432985529879252,5,27.154312806624286,0.0007213976223189953,0.00029554383829644306,0.00030091444921485916
Arizona,0.999,DMDCA,"0.5,0.5",0p5_0p5,6,0.03,1131.8,30.979025162196436,5,0.8970394880078534,0.0023315901003237863,5,0.9818956294470566,0.000990220984036031,5,0.017474270850867925,0.000996352317071356,5,27.154312806624286,0.002043728832315935,0.0008679669617561169,0.0008733413121203028
Arizona,0.999,DMDCA,"0.5,0.5",0p5_0p5,6,0.05,1131.8,30.979025162196436,5,0.8335142269543191,0.0036674327487956093,5,0.9692949985878551,0.0015986063178152407,5,0.030074901710069456,0.0016047348651705752,5,27.154312806624286,0.0032146465402526207,0.0014012402191910548,0.0014066121277990634
Arizona,0.999,DMDCA,"0.6,0.4",0p6_0p4,6,0.0,1132.6,29.73718211263466,5,1.0,0.0,5,0.9993698338479498,7.0003056328032945e-06,5,2.4424906541753446e-16,6.633524505823399e-16,5,26.065789379951642,0.0,6.136038429240547e-06,5.814540596369273e-16
Arizona,0.999,DMDCA,"0.6,0.4",0p6_0p4,6,0.01,1132.6,29.73718211263466,5,0.9645310289854171,0.0006564065087707909,5,0.9938599137466408,0.0002669420136138718,5,0.00550992010130924,0.0002728174316308551,5,26.065789379951642,0.0005753656731980441,0.0002339849914885899,0.00023913502244880935
Arizona,0.999,DMDCA,"0.6,0.4",0p6_0p4,6,0.03,1132.6,29.73718211263466,5,0.896780862998571,0.001864798479021029,5,0.982259433454139,0.0007910379773178797,5,0.017110400393810843,0.0007969119680512119,5,26.065789379951642,0.0016345679360642558,0.0006933753585061549,0.000698524138397095
Arizona,0.999,DMDCA,"0.6,0.4",0p6_0p4,6,0.05,1132.6,29.73718211263466,5,0.8331056570124924,0.0029420828856403184,5,0.9698946624508853,0.0012861925453463603,5,0.02947517139706459,0.0012920502965283304,5,26.065789379951642,0.002578849352470335,0.0011273974737107772,0.0011325320190073542
Arizona,0.999,DMDCA,"0.7,0.3",0p7_0p3,6,0.0,1133.6,29.09982817818687,5,1.0,0.0,5,0.9993696408059595,6.868822414016114e-06,5,1.9984014443252818e-16,6.445033517410433e-16,5,25.50712402447598,0.0,6.02078830650167e-06,5.649320960380167e-16
Arizona,0.999,DMDCA,"0.7,0.3",0p7_0p3,6,0.01,1133.6,29.09982817818687,5,0.9645685931853121,0.0007600730000346158,5,0.9937048753859911,0.0001864110083255237,5,0.0056647654199685205,0.00019277141406620561,5,25.50712402447598,0.0006662333592083344,0.00016339645305711356,0.0001689715945005516
Arizona,0.999,DMDCA,"0.7,0.3",0p7_0p3,6,0.03,1133.6,29.09982817818687,5,0.8968916726016882,0.0021610695705686737,5,0.9817983432312459,0.000543436459891937,5,0.01757129757471363,0.0005498063318713197,5,25.50712402447598,0.0018942609978479636,0.00047634305938192294,0.0004819264983494394
Arizona,0.999,DMDCA,"0.7,0.3",0p7_0p3,6,0.05,1133.6,29.09982817818687,5,0.8332870676764854,0.003411518318502621,5,0.9691329155270939,0.0008632948636339574,5,0.030236725278865693,0.0008696644388945375,5,25.50712402447598,0.0029903276517298,0.000756711311887077,0.0007622944907691001
Arizona,0.999,MDCA,none,none,6,0.0,921.6,33.004545141540746,5,1.0,0.0,5,0.9993859905836171,1.036712353283536e-05,5,6.661338147750939e-17,4.813812324017963e-16,5,28.92975934915463,0.0,9.087184436628254e-06,4.2194925422727196e-16
Arizona,0.999,MDCA,none,none,6,0.01,921.6,33.004545141540746,5,0.9668339235115925,0.0009716720788682273,5,0.9931590099021241,9.644655679796997e-05,5,0.006226980681493188,0.00010247496847938441,5,28.92975934915463,0.00085170812951366,8.453913442084584e-05,8.982327024072434e-05
Arizona,0.999,MDCA,none,none,6,0.03,921.6,33.004545141540746,5,0.9032857034257518,0.0027477671833076576,5,0.9801800316430549,0.0002947161097389141,5,0.019205958940562207,0.0003006112969905626,5,28.92975934915463,0.002408524129621861,0.00025833006013269334,0.00026349741959110835
Arizona,0.999,MDCA,none,none,6,0.05,921.6,33.004545141540746,5,0.8433059772768423,0.004314027602840496,5,0.9665126637205329,0.0004853697018741859,5,0.032873326863084265,0.0004909271830694856,5,28.92975934915463,0.0037814119188906213,0.00042544530186291817,0.00043031664891157457
